name,cnpj,city,state
FROOTY COMERCIO E INDUSTRIA DE ALIMENTOS S.A.,68093095000179,ATIBAIA,SP
ESTRELLA DE GALICIA IMPORTACAO E COMERCIALIZACAO DE BEBIDAS E ALIMENTOS LTDA,13492669000190,SAO PAULO,SP
DROGARIA NOVA SABARA LTDA,74683392000177,SAO PAULO,SP
DJ INDUSTRIA E COMERCIO DE ALIMENTOS LTDA,12423658000195,CARPINA,PE
FUGINI ALIMENTOS LTDA,00588458000103,MONTE ALTO,SP
GONCALVES SALLES S A INDUSTRIA E COMERCIO,61365557000110,SAO SEBASTIAO DO PARAISO,MG
ATACADAO S.A.,75315333008274,JUAZEIRO DO NORTE,CE
MONDELEZ BRASIL LTDA,33033028000184,CURITIBA,PR
HELIO SOARES DE ARAUJO,04939545000119,ATIBAIA,SP
CASA DI CONTI LTDA,46842894000591,CANDIDO MOTA,SP
PRODUTOS ALIMENTICIOS EXCELSA LTDA,60879467000185,SAO PAULO,SP
MASTERFOODS BRASIL ALIMENTOS LTDA.,29737368003487,GUARAREMA,SP
VITAO ALIMENTOS LTDA,04869719000114,CURITIBA,PR
BODIPASA BOMBAS DIESEL PAULISTA LTDA,01097783000640,BELO HORIZONTE,MG
NATURAL ONE S.A.,08192116000181,SAO PAULO,SP
DOCE SABOR INDUSTRIA E COMERCIO DE PRODUTOS ALIMENTICIOS LTDA,07175867000127,SAO PAULO,SP
"A Z P R COMERCIO, IMPORTACAO E EXPORTACAO LTDA",05215210000110,CURITIBA,PR
"BELLIZ INDUSTRIA, COMERCIO, IMPORTACAO E EXPORTACAO EIRELI",06940040000108,SERRA,ES
OESTE PAULISTA COMERCIO DE PNEUS EIRELI,32223965000130,RIBEIRAO DO PINHAL,PR
RECKITT BENCKISER ( BRASIL ) LTDA.,59557124000115,SAO PAULO,SP
ATACADAO S.A.,75315333009831,MACEIO,AL
GENERAL BRANDS DO BRASIL DISTRIBUIDORA DE PRODUTOS ALIMENTICIOS LTDA,01503284000100,GUARULHOS,SP
SUPERMERCADO FERREIRA & BARTHOLOMEU LTDA,24289970000117,TAQUARITINGA,SP
OLIMPIO JUST CEREAIS LTDA,03451117000180,JACINTO MACHADO,SC
RC INDUSTRIA E COMERCIO DE BEBIDAS EIRELI,11509834000143,CAMPO ALEGRE,AL
INDUSTRIAS REUNIDAS DE BEBIDAS TATUZINHO 3 FAZENDAS LTDA,49629777000109,RIO CLARO,SP
WICKBOLD & NOSSO PAO INDUSTRIAS ALIMENTICIAS LTDA,62691043000118,DIADEMA,SP
PHISALIA PRODUTOS DE BELEZA LTDA,46278537000119,OSASCO,SP
PEPSICO DO BRASIL INDUSTRIA E COMERCIO DE ALIMENTOS LTDA.,02957518000143,SAO PAULO,SP
PAULO ROGERIO DE CARVALHO,41548082000190,PACAJUS,CE
DEICMAR ARMAZENAGEM E DISTRIBUICAO LTDA.,58188756000943,RIO DE JANEIRO,RJ
DISTILLERIE STOCK DO BRASIL LTDA,60606449000120,SAO PAULO,SP
NEUZA & BARBARA COMERCIO DE ALIMENTOS LTDA,02576359000137,SAO PAULO,SP
DROGARIA BARAO DE SAO FRANCISCO LTDA,26255574000102,RIO DE JANEIRO,RJ
INDUSTRIAS ALIMENTICIAS MARATA LTDA.,03861512000130,ITAPORANGA D'AJUDA,SE
ELETROZEMA S/A,26404731008685,ITAPAGIPE,MG
CERVEJARIA INSANA LTDA,13444270000133,PALMAS,PR
ATACADAO S.A.,75315333008002,FORTALEZA,CE
INDUSTRIA DE PRODUTOS ALIMENTICIOS PIRAQUE S A,33040122000160,RIO DE JANEIRO,RJ
DR. OETKER BRASIL LTDA.,61193496000151,SAO PAULO,SP
REFRIGERANTES DO TRIANGULO LIMITADA,25759366000170,UBERLANDIA,MG
RCH ADMINISTRACAO DE BENS LTDA,46445219000103,RANCHARIA,SP
TEIU INDUSTRIA E COMERCIO LTDA,16183527000139,VITORIA DA CONQUISTA,BA
BOMPRECO SUPERMERCADOS DO NORDESTE LTDA,13004510024100,FORTALEZA,CE
ALISPEC INDUSTRIA E COMERCIO DE PRODUTOS ALIMENTICIOS LTDA.,96468079000159,CERQUEIRA CESAR,SP
RBSM ADMINISTRACAO DE MARCAS S.A.,09074798000190,SAO PAULO,SP
HORIZONTE INDUSTRIA E COMERCIO LTDA,60882354000139,SALTO,SP
"INDUSTRIA BRASILEIRA DE CERVEJAS ESPECIAIS - COMERCIO, IMPORTACAO E EXPORTACAO LTDA",13423976000119,RIBEIRAO PRETO,SP
MITSUI ALIMENTOS LTDA,58128190000107,SANTOS,SP
DROGARIA FRAIBURGO LTDA,82947680000110,FRAIBURGO,SC
HIDRA COMERCIO DE MATERIAIS DE CONSTRUCAO LTDA,05262022000143,CURITIBA,PR
FLORMEL INDUSTRIA DE ALIMENTOS LTDA,07880049000125,FRANCA,SP
COCA COLA INDUSTRIAS LTDA,45997418000153,RIO DE JANEIRO,RJ
G B DA SILVA HOTEL,04133593000115,ARAPIRACA,AL
CAMPARI DO BRASIL LTDA,50706019000126,BARUERI,SP
KANITZ 1900 COSMETICOS LTDA,29017852000173,RIO DE JANEIRO,RJ
AMBEV S.A.,07526557000100,SAO PAULO,SP
PIC-ME COMERCIO DE ALIMENTOS E BEBIDAS EM GERAL SA,22266956000172,SAO PAULO,SP
CAVE SAO MIGUEL INDUSTRIA E COMERCIO DE PRODUTOS ALIMENTICIOS EIRELI,09040976000162,GARIBALDI,RS
CERVEJARIA SUDBRACK LTDA,04914890000106,BLUMENAU,SC
DOCES DANTAS EIRELI,12649349000138,NATAL,RN
CASAXA COMERCIO DE PRODUTOS NATURAIS LTDA,25141438000110,SAO PAULO,SP
GERDAU ACOS LONGOS S.A.,07358761004075,SAO PAULO,SP
MASTERFOODS BRASIL ALIMENTOS LTDA.,29737368001271,BARRO PRETO,BA
BIOZYME BRASIL INDUSTRIA E COMERCIO DE PRODUTOS ECOEFICIENTES LTDA,07872794000122,SAO PAULO,SP
LEITESOL INDUSTRIA E COMERCIO S A,65979973000160,BRAGANCA PAULISTA,SP
ROCHA & ROCHA ALIMENTOS LTDA,09641406000128,NEVES PAULISTA,SP
BEBIDAS GRASSI DO BRASIL LTDA,01731172000106,TUBARAO,SC
RITTER ALIMENTOS S/A,90286139000136,CACHOEIRINHA,RS
PICINATO & CIA.LTDA.,50493170000123,RIBEIRAO PRETO,SP
3M DO BRASIL LTDA,45985371000108,SUMARE,SP
COOPERATIVA DE COLONIZACAO AGROPECUARIA E INDUSTRIAL PINDORAMA LTDA,12229753000152,CORURIPE,AL
ICOFORT - AGROINDUSTRIAL LTDA,02952466000112,JUAZEIRO,BA
NOVA MIX INDUSTRIAL E COMERCIAL DE ALIMENTOS LTDA,08142803000192,SAO PAULO,SP
LATICINIO CANTO DE MINAS LTDA.,21326756000103,ITUIUTABA,MG
ADM DO BRASIL LTDA,02003402000175,VITORIA,ES
"W PESQUISA, TECNOLOGIA E INDUSTRIA DE ALIMENTOS EIRELI",17385999000137,SAO PAULO,SP
NIELY DO BRASIL INDUSTRIAL LTDA,30153506000100,NOVA IGUACU,RJ
DROGARIA SANTA MARIA LIMITADA,11433984000110,RECIFE,PE
"LM INDUSTRIA, COMERCIO, IMPORTACAO E EXPORTACAO LTDA",22399174000101,UBERLANDIA,MG
PIRACAIA INDUSTRIA COMERCIO EXPORTACAO E IMPORTACAO DE BEBIDAS LTDA,03322852000193,PIRACAIA,SP
TRANSPORTADORA SOL I MAR LTDA,01649349000111,DOIS VIZINHOS,PR
GULA SEM PECADO PRODUTOS NATURAIS LTDA,07227019000114,RIO DE JANEIRO,RJ
GADKIN ALIMENTOS S.A.,05456604000241,BARUERI,SP
CAFE FAZENDA SERTAOZINHO LTDA.,07187796000182,BOTELHOS,MG
RESTAURANTE E LANCHONETE DRAGAO CHINES LTDA,12462269000179,ARAPIRACA,AL
APARECIDO ROBERTO CASAGRANDE E OUTRO,08060277000898,MONCOES,SP
CERVEJARIA BAZZO LTDA,10367257000130,PIRACICABA,SP
3 X PRODUTOS QUIMICOS LTDA,54651344000190,SERTAOZINHO,SP
JACQUET BRASIL S.A.,15488031000100,CURITIBA,PR
ENGARRAFAMENTO COROA LTDA,35504133000180,PATOS,PB
COMPANHIA BRASILEIRA DE DISTRIBUICAO,47508411137100,MACEIO,AL
INDUSTRIA DE CONSERVAS LUCA LTDA,44288975000132,MOGI DAS CRUZES,SP
INCODIL INDUSTRIA COMERCIO E DISTRIBUICAO EIRELI,13342907000180,CABEDELO,PB
VENCETEX BEBIDAS LTDA,47765888000117,GUARARAPES,SP
INCRIVEL COMERCIO DE BEBIDAS E ALIMENTOS S.A.,07476698000165,RIO DE JANEIRO,RJ
BRASIL SERVICOS CADASTRAIS LTDA,08509967000105,JAU,SP
DOCE MINEIRO LTDA,22335392000182,CANAPOLIS,MG
CERVEJARIA TRES LOBOS LTDA,04029796000166,BELO HORIZONTE,MG
KOBBER ALIMENTOS LTDA,00353155000101,DIADEMA,SP
FIBRA COMERCIO E INDUSTRIA DE ALIMENTOS E TRANSPORTES EIRELI,10746705000106,EUSEBIO,CE
TONDO S/A.,88618285000170,CAXIAS DO SUL,RS
INDUSTRIA E COMERCIO DE COSMETICOS ESPIRITO SANTO - EIRELI,06280351000180,CARIACICA,ES
DP SUPERMERCADO LTDA,05935528000176,TUBARAO,SC
PANIFICADORA CEPAM LTDA,62168679000180,SAO PAULO,SP
SABAO JUA INDUSTRIA E COMERCIO LTDA,04770484000109,JUAZEIRO DO NORTE,CE
REFRIGERANTES ARCO IRIS LTDA,72077514000156,SAO JOSE DO RIO PRETO,SP
D D GASPAR FABRICACAO DE AGUA DE COCO E SUCOS EIRELI,04983035000149,EXTREMOZ,RN
DROGARIA HONOLULU LTDA,01382624000183,NITEROI,RJ
COMPANHIA ALIMENTICIA DO VALE,04833180000143,LUCENA,PB
APTI ALIMENTOS LTDA,78860863000126,CHAPECO,SC
MARICELIA MEDEIROS LISBOA,10499928000116,PALESTINA,AL
FROHLICH S/A INDUSTRIA E COMERCIO DE CEREAIS,89716195000184,IVOTI,RS
SUPERMERCADO GONCALVES E AMARAL LTDA,19594015000153,MINEIROS,GO
INDUSTRIAL E COMERCIAL MARVI LTDA,53408654000115,OURINHOS,SP
ARCOR DO BRASIL LTDA.,54360656001701,BRAGANCA PAULISTA,SP
GRAN MESTRI ALIMENTOS S/A,05071877000197,GUARACIABA,SC
LUXOTTICA BRASIL PRODUTOS OTICOS E ESPORTIVOS LTDA,04692027000143,SAO PAULO,SP
CEVADA PURA - DISTRIBUIDORA DE BEBIDAS LTDA.,04667152000101,PIRACICABA,SP
SOCOCO SA INDUSTRIAS ALIMENTICIAS,12285276000142,MACEIO,AL
INDAIA BRASIL AGUAS MINERAIS LTDA,00048785000172,FORTALEZA,CE
SANTALUCIA ALIMENTOS LTDA,90471798000495,CAMAQUA,RS
OLIVEIRA & VIEIRA SUPERMERCADOS LTDA,05570552000159,MONTE MOR,SP
ROSOLEN ALIMENTOS - INDUSTRIA E COMERCIO LTDA,03107081000111,CAJOBI,SP
GUARARAPES INDUSTRIAL LTDA,10844041000118,JABOATAO DOS GUARARAPES,PE
HEINZ BRASIL S.A.,50955707000472,NEROPOLIS,GO
JASPE COMERCIO DE BOMBAS COMPRESSORES E PECAS LTDA,15270064000180,MANAUS,AM
MASSA FALIDA CONSERVAS RUBI S A,31667900000110,SAO GONCALO,RJ
COOPERATIVA CERVEJARIA CNS,07652402000110,CURITIBA,PR
JOSIVALDO BUARQUE FERREIRA,00618015000118,SAO LUIS DO QUITUNDE,AL
DOM FABRICACAO E COMERCIO DE BEBIDAS S.A.,18093100000175,ARAQUARI,SC
LOJAS CEM SA,56642960015050,SAO PAULO,SP
LAGUNA INDUSTRIA & COMERCIO DE ALIMENTOS LTDA,00167268000112,PARACURU,CE
CAFE UTAM S A,56012420000142,RIBEIRAO PRETO,SP
ABERDEN ALIMENTOS - INDUSTRIA E COMERCIO EIRELI,07514411000144,VARZEA PAULISTA,SP
INDUSTRIA DE REFRIGERANTES PEQUETITO LTDA,21230479000122,MONTE SANTO DE MINAS,MG
AGROPARR ALIMENTOS LTDA,93607398000100,SENTINELA DO SUL,RS
"KB FOODS - COMERCIO, IMPORTACAO E EXPORTACAO DE ALIMENTOS LTDA.",19199510000168,SAO PAULO,SP
A.J. BAIS DOCES,02702075000140,LIMEIRA,SP
BONDUELLE DO BRASIL PRODUTOS ALIMENTICIOS LTDA.,74299660000151,SAO PAULO,SP
LATICINIOS TIROLEZ LTDA,55885321000102,SAO PAULO,SP
CLESS COMERCIO DE COSMETICOS S.A.,06034119000161,BARUERI,SP
COMPANHIA BRASILEIRA DE DISTRIBUICAO,47508411152681,RIBEIRAO PRETO,SP
CAFE RANCHEIRO AGRO INDUSTRIAL LTDA,02924249000119,ANAPOLIS,GO
JOAQUIM ELIDIO DA SILVA,76745165000154,SARANDI,PR
"SEMENTES ESPERANCA COMERCIO, IMP. E EXPORTACAO LTDA",55859656000318,JABOTICABAL,SP
PROCTER & GAMBLE INDUSTRIAL E COMERCIAL LTDA,01358874001230,SAO PAULO,SP
IVEL INDUSTRIA DE PERFUMES E COSMETICOS LTDA,30066989000105,NOVA IGUACU,RJ
ARBOR BRASIL INDUSTRIA DE BEBIDAS LTDA,29588019000182,TERESOPOLIS,RJ
MEDIAN INDUSTRIA E COMERCIO LIMITADA,43079656000154,PIEDADE,SP
HARIBO BRASIL INDUSTRIA E COMERCIO DE PRODUTOS ALIMENTICIOS LTDA,21072669000169,BAURU,SP
SECRETARIA MUNICIPAL DE SAUDE DE BREVES- SEMSA,02967936000200,BREVES,PA
JASMINE COMERCIO DE PRODUTOS ALIMENTICIOS LTDA,81727414000119,CURITIBA,PR
BEIERSDORF INDUSTRIA E COMERCIO LTDA.,01786983000368,ITATIBA,SP
FRANKINI INDUSTRIA E COMERCIO LTDA.,04253784000110,FRANCA,SP
CERVEJARIA BERGGREN INDUSTRIA E COMERCIO DE BEBIDAS LTDA,11878934000147,NOVA ODESSA,SP
BLACK BIRD - VIAGENS E TURISMO LTDA,08463357000118,BRASILIA,DF
INDUSTRIA E COMERCIO DE BEBIDAS VENDRANELLI LTDA,44433738000118,BIRIGUI,SP
HACO ETIQUETAS LTDA,82645862000136,BLUMENAU,SC
TICO ROSA INDUSTRIA DE BEBIDAS LTDA,10860226000116,BRAGANCA PAULISTA,SP
MSV - COMERCIO DE MOVEIS E DECORACOES LTDA,17417153000131,JUNDIAI,SP
CEREALISTA MATO GROSSO LTDA,34744995000117,ALTO ALEGRE DOS PARECIS,RO
NEUGEBAUER ALIMENTOS S/A,87315834000174,ARROIO DO MEIO,RS
ORGANICA INDUSTRIA E COMERCIO DE PRODUTOS NATURAIS LTDA,68088392000126,SANTANA DE PARNAIBA,SP
CAFE TRES CORACOES S.A,17467515000107,SANTA LUZIA,MG
DROGARIA E PERFUMARIA RODRIGUES CANDIDO LTDA,04161500000166,UBA,MG
SELVA SIUL INDUSTRIA E COMERCIO DE CONFECCOES EIRELI,73225880000178,LUIZ ALVES,SC
IGREJA UNIVERSAL DO REINO DE DEUS,29744778028873,CONTAGEM,MG
LATICINIO MARIANNA LTDA,40499907000161,ALAGOINHAS,BA
CERAS JOHNSON LTDA,33122466000119,RIO DE JANEIRO,RJ
SEPETIBA TECON S/A,02394276000208,ITAGUAI,RJ
GTEX BRASIL INDUSTRIA E COMERCIO S.A. EM RECUPERACAO JUDICIAL,43623792000163,GUARULHOS,SP
MOINHO ARAPONGAS S/A,76125244000162,ARAPONGAS,PR
CERVEJARIA CAMPO BOM LTDA,17960315000183,CAMPO BOM,RS
PEREIRA MANANCIAIS COMERCIO EXTERIOR EIRELI,15352562000171,NILOPOLIS,RJ
DROGARIA C&A LTDA,13560956000190,COCALZINHO DE GOIAS,GO
DROGARIA MAIS POR MENOS LTDA,22711459000136,GOIANIA,GO
VALE FERTIL INDUSTRIAS ALIMENTICIAS LTDA,84869593000117,SAO JOSE DOS PINHAIS,PR
MOINHO PAULISTA SA,33390527000129,SAO PAULO,SP
COMPANHIA BRASILEIRA DE DISTRIBUICAO,47508411110687,FORTALEZA,CE
DTC TRADING EIRELI,05448850000170,SAO PAULO,SP
CLASSY BRANDS IMPORTACAO E COMERCIO DE COSMETICOS LTDA,11983461000148,SERRA,ES
MOINHOS DE TRIGO INDIGENA S A MOTRISA,88447032000180,PORTO ALEGRE,RS
SEARA ALIMENTOS LTDA,02914460000150,ITAJAI,SC
LARIMEL INDUSTRIA E COMERCIO LTDA,96828256000160,FEIRA DE SANTANA,BA
CONSERVAS ODERICH SA,97191902000194,SAO SEBASTIAO DO CAI,RS
DROGARIA AMPARO LTDA,08528090000108,AMPARO DA SERRA,MG
REFRIGERANTES DEVITO LTDA,00700155000130,CATANDUVA,SP
MOINHO PETINHO INDUSTRIA E COMERCIO LTDA,10808491000155,RECIFE,PE
KI BARATO EIRELI,32860231000676,PENEDO,AL
NOBEL DO BRASIL LTDA,01202633000145,CAJAMAR,SP
CASA SUICA INDUSTRIA ALIMENTICIA LTDA,00441885000164,JANDIRA,SP
MARITUCS ALIMENTOS LIMITADA.,49882913000178,MARILIA,SP
J. IVO C. MAIA INDUSTRIA E COMERCIO DE DOCES E SUCOS LTDA,09478256000183,BARREIRA,CE
PORTEL TELECOMUNICACOES LTDA,95368296000104,PINHAIS,PR
SHIBATA COMERCIO E ATACADO DE PRODUTOS EM GERAL LTDA,20276483000240,MOGI DAS CRUZES,SP
BETTANIN S.A.,89724447000117,ESTEIO,RS
TAIAMA AGUAS MINERAIS LTDA,55815823000167,LEME,SP
CENCOSUD BRASIL COMERCIAL LTDA,39346861029909,UBERLANDIA,MG
SIDARTHA PRODUCOES CINEMATOGRAFICAS EIRELI,11421308000208,MACEIO,AL
BRILHOTEX - INDUSTRIA DE PRODUTOS DE LIMPEZA LTDA,16867985000197,SERTAOZINHO,SP
LOJAS RENNER S.A.,92754738016166,FORTALEZA,CE
WAL MART BRASIL LTDA,00063960006212,FRANCA,SP
MASTERFOODS BRASIL ALIMENTOS LTDA.,29737368001433,MOGI MIRIM,SP
CONFECCOES VANELISE LTDA,91879718000155,CRICIUMA,SC
"GOLD & KO INDUSTRIA, COMERCIO, IMPORTACAO E EXPORTACAO DE ALIMENTOS LTDA.",20422248000158,SAO PAULO,SP
"VASCONCELOS INDUSTRIA, COMERCIO, IMPORTACAO E EXPORTACAO LTDA.",03647755000170,ARAGUARI,MG
RONALDO CAETANO ELIAS,01119744000192,GUARULHOS,SP
KIMBERLY -CLARK BRASIL INDUSTRIA E COMERCIO DE PRODUTOS DE HIGIENE LTDA,02290277000121,SAO PAULO,SP
HYPERA S.A.,02932074000191,SAO PAULO,SP
CGM - DROGARIA LTDA,16878675001140,NAZARE PAULISTA,SP
MARAJOARA INDUSTRIA DE LATICINIOS LTDA,24849580000154,HIDROLANDIA,GO
COOPERATIVA AGROPECUARIA LTDA DE UBERLANDIA,25632183000199,UBERLANDIA,MG
DEON COMERCIO DE MATERIAIS PARA CONSTRUCAO LTDA,02527485000100,CASCAVEL,PR
GRUPO RSX COMERCIO DE CAFE LTDA,14534272000186,SAO PAULO,SP
"SEGAFREDO ZANETTI (BRASIL). COMERCIALIZACAO E DISTRIBUICAO DE CAFE, S.A.",65126039000103,CONTAGEM,MG
MAGRELA INDUSTRIA E COMERCIO DE PRODUTOS ALIMENTICIOS LTDA,08610632000189,LAURO DE FREITAS,BA
UTILEO COMERCIO DE UTILIDADES EIRELI,13971479000155,RIO DE JANEIRO,RJ
CARGILL AGRICOLA S A,60498706000157,SAO PAULO,SP
ALIMENTOS TIA SONIA LTDA,08385685000143,VITORIA DA CONQUISTA,BA
YAKULT S/A. INDUSTRIA E COMERCIO,60723061007707,SAO BERNARDO DO CAMPO,SP
"BIOTEC COSMETICOS, INDUSTRIA E COMERCIO LTDA",03956345000101,UBERLANDIA,MG
BRASIL ESPRESSO COMERCIO ATACADISTA LTDA.,01703285000190,SAO PAULO,SP
PRODUTOS ALIMENTICIOS ARAPONGAS SA PRODASA,75404814000352,ARAPONGAS,PR
GOYA INDUSTRIA E COMERCIO DE AGUA MINERAL LTDA,02428437000156,BOM JESUS,GO
INDUSTRIA E COMERCIO DE LATICINIOS VALE DOS BURITIS LTDA,22086045000163,BURITIS,MG
ELMO CALCADOS S/A,17170416005039,VITORIA,ES
WEWISH BEBIDAS SAUDAVEIS S.A.,23313184000145,BARUERI,SP
CERVEJARIA TRIESTE LTDA,21345997000191,POTIRENDABA,SP
REALENGO ALIMENTOS LTDA,07032688000130,TURVO,SC
PHYTONATUS NUTRACEUTICA LTDA,03512483000100,SOROCABA,SP
FRIMESA COOPERATIVA CENTRAL,77595395000228,MEDIANEIRA,PR
SANOFI-AVENTIS FARMACEUTICA LTDA,02685377000157,SAO PAULO,SP
MUNDIAL HORTIFRUTIGRANJEIROS EIRELI,23605130000153,CAROLINA,MA
UNI COMPRA SUPERMERCADOS LTDA,41185455000378,ARAPIRACA,AL
"PORTO A PORTO COMERCIO, IMPORTACAO E EXPORTACAO LTDA",00069957000194,CURITIBA,PR
SANTA IZABEL ALIMENTOS LTDA,03779994000184,SANTA ISABEL DO PARA,PA
INAP - INDUSTRIA ALIMENTICIA POPULAR LTDA,12970570000193,LIMOEIRO DE ANADIA,AL
USINA SAO FRANCISCO S/A,71324792000106,SERTAOZINHO,SP
COMERCIO E INDUSTRIA ORSI LTDA,51423358000168,LENCOIS PAULISTA,SP
VEMATE VERDINHA INDUSTRIA DO MATE LTDA,83947796000111,XANXERE,SC
NEWAGE INDUSTRIA DE BEBIDAS LTDA.,01307936000122,LEME,SP
J. C. DA SILVA - BATATAS,02582448000196,MARIALVA,PR
COMERCIAL E EMPACOTADORA VIEIRA LTDA.,09276452000175,ARAPIRACA,AL
SUPERMERCADO GIACCHERO E PADUA LTDA,09379531000101,SAO SEBASTIAO DO PARAISO,MG
PEPSICO DO BRASIL LTDA,31565104000177,SAO PAULO,SP
ECOSERV PRESTACAO DE SERVICOS DE MAO DE OBRA LTDA.,02286974000109,BARUERI,SP
BIOCILIN INDUSTRIA DE COSMETICOS EIRELI,00095051000144,VESPASIANO,MG
BEER LEGENDS ALUGUEIS E INSTALACOES DE EQUIPAMENTOS DE BEBIDAS LTDA,13498794000107,BALNEARIO CAMBORIU,SC
IRMAOS RUIVO LTDA,92226026000170,PELOTAS,RS
EMPRESA BRASILEIRA DE BEBIDAS E ALIMENTOS S/A,07604556000136,RECIFE,PE
OLIVEIRA E NOBRE SUPERMERCADO LTDA,05154589000368,SANTANA DO IPANEMA,AL
BOUTON INDUSTRIA E COMERCIO DE ARTIGOS DE CAMA E BANHO LTDA,08313402000158,BRUSQUE,SC
SABE ALIMENTOS LTDA,08864807000184,MURIBECA,SE
AGRECO PRODUTOS ORGANICOS LTDA,04533624000125,SANTA ROSA DE LIMA,SC
WAL MART BRASIL LTDA,00063960015475,SAO JOSE DO RIO PRETO,SP
VIWACE COMERCIAL E INDUSTRIAL LTDA,06889034000165,FORTALEZA,CE
OBRA PRIMA IMPORTADORA E EXPORTADORA E COMERCIO DE ALIMENTOS LTDA,06136910000182,CURITIBA,PR
HIGIE-TOPP INDUSTRIA E COMERCIO DE PRODUTOS HIGIENICOS E TEXTEIS LTDA.,02120411000146,GUARULHOS,SP
CENCOSUD BRASIL COMERCIAL LTDA,39346861026802,UBERLANDIA,MG
RUBENS FERNANDES BAPTISTA,14978501000151,RIBEIRAO PRETO,SP
ELISANGELA FERREIRA MARTINS,09176063000178,AQUIRAZ,CE
POLENGHI INDUSTRIAS ALIMENTICIAS LTDA,24949232000159,SAO PAULO,SP
DICO'S BEER DISTRIBUIDORA DE BEBIDAS LTDA,12901564000184,ARAUCARIA,PR
BANDEIRANTE COMPRESSORES LTDA,77821940000176,CURITIBA,PR
GOIASMINAS INDUSTRIA DE LATICINIOS LTDA,01257995000133,CORUMBAIBA,GO
EMPREENDIMENTOS PAGUE MENOS S/A,06626253047620,CACOAL,RO
INDUSTRIA DE PRODUTOS ALIMENTICIOS CORY LTDA,51665073000133,RIBEIRAO PRETO,SP
DISTRIBUIDORA DE ALIMENTOS FARTURA S.A.,03720882000905,JUAZEIRO DO NORTE,CE
CERAMICA ARTISTICA PETROPOLIS PORFAMA LTDA,55890396000181,PORTO FERREIRA,SP
101 BRASIL INDUSTRIA DE BEBIDAS LTDA,03408722000178,JOINVILLE,SC
VOTORANTIM CIMENTOS S.A.,01637895019402,SAPUCAIA DO SUL,RS
PARODI & PARODI LTDA,49175797000157,UBATUBA,SP
MATIOLA ALIMENTOS LTDA,86531779000197,MORRO DA FUMACA,SC
BANANINHA PARAIBUNA LTDA,03535509000127,PARAIBUNA,SP
COOPERATIVA CENTRAL GAUCHA LTDA,88933114000135,CRUZ ALTA,RS
MISSIATO INDUSTRIA E COMERCIO LTDA,56925019000101,SANTA RITA DO PASSA QUATRO,SP
RENK'S INDUSTRIAL LTDA.,03040465000164,SAO PAULO,SP
VILA VERDE CENTRO AUTOMOTIVO LTDA,08503555001130,CURITIBA,PR
LATICINIO VALE DO PARDO LTDA,02749513000125,BATAGUASSU,MS
BELADRI MASSAS E CONFEITOS LTDA.,08418719000159,CAMPO LARGO,PR
EBB - EMPRESA BRASILEIRA DE BEBIDAS LTDA,08811556000170,CAMPINA GRANDE,PB
COOPERATIVA VINICOLA AURORA LTDA,87547188000170,BENTO GONCALVES,RS
LATINEX INTERNATIONAL IMPORTACAO E EXPORTACAO LTDA,05540409000114,CURITIBA,PR
COOPERATIVA REGIONAL DE CAFEICULTORES EM GUAXUPE LTDA COOXUPE,20770566001505,GUAXUPE,MG
HNK BR INDUSTRIA DE BEBIDAS LTDA.,50221019000136,ITU,SP
ISHASHI DO BRASIL LTDA,06917470000109,CAUCAIA,CE
LOJAS COLOMBO SA COMERCIO DE UTILIDADES DOMESTICAS,89848543058507,FLORIANOPOLIS,SC
CHOCOLATES GAROTO LTDA.,28053619000183,VILA VELHA,ES
ELIEL DE SOUSA LIMA,63488498000101,FORTALEZA,CE
HOMEMADE ALIMENTOS LTDA.,00973608000100,ITUPEVA,SP
GL INDUSTRIA E DISTRIBUICAO DE ALIMENTOS S.A,17090600000190,MORENO,PE
PANDURATA ALIMENTOS LTDA,70940994000101,GUARULHOS,SP
ALIMENTOS WILSON LTDA EM RECUPERACAO JUDICIAL,55323216000341,REGENTE FEIJO,SP
BANCO BRADESCO S.A.,60746948245735,PORTO ALEGRE,RS
PETYAN INDUSTRIA DE ALIMENTOS LTDA,14986335000135,JEQUIE,BA
SAPORI PRODUTOS ALIMENTICIOS LTDA,60997087000145,JARINU,SP
PAZZIN COMERCIO DE BEBIDAS E DISTRIBUICAO DE GENEROS ALIMENTICIOS LTDA,11940203000184,INDAIATUBA,SP
CASA GRANADO LABORATORIOS FARMACIAS E DROGARIAS S A,33109356000460,JAPERI,RJ
ENGARRAFAMENTO PITU LTDA,11856283000194,VITORIA DE SANTO ANTAO,PE
INDUSTRIA DE ALIMENTOS CARNEIRO EIRELI,03493600000127,URUCANIA,MG
TOZZI INDUSTRIA E COMERCIO DE ALIMENTOS LTDA,04476996000167,SAO SEBASTIAO DO PARAISO,MG
NUTRI INGREDIENTES INDUSTRIA E COMERCIO DE PRODUTOS ALIMENTICIOS LTDA,08146143000118,MARILIA,SP
AJINOMOTO DO BRASIL INDUSTRIA E COMERCIO DE ALIMENTOS LTDA.,46344354000669,SAO PAULO,SP
I.V.L. INDUSTRIAS VIEIRA LTDA,02489981000108,LAGARTO,SE
SUPERPAO INDUSTRIA E COMERCIO LTDA,13937206000194,SALVADOR,BA
FABRICA DE LATICINIOS MONTE AZUL LTDA,28811123000121,BOM JESUS DO ITABAPOANA,RJ
CERVEJARIAS KAISER BRASIL S.A.,19900000000176,JACAREI,SP
INDUSTRIA DE LATICINIOS CARAUBAS LTDA,02793218000176,CAUCAIA,CE
JCS BRASIL ELETRODOMESTICOS S.A.,03106170000143,BALNEARIO DE PICARRAS,SC
CERVEJARIA PETROPOLIS S/A,73410326000160,RIO DE JANEIRO,RJ
FRUTEB S/A,02779781000190,SAO CRISTOVAO,SE
PEG S SUPERMERCADOS LTDA.,18392746000153,CONSELHEIRO PENA,MG
HERO BRASIL S.A.,55630289000114,ITATIBA,SP
"PALADAR INDUSTRIA, COMERCIO E REPRESENTACOES DE PRODUTOS ALIMENTICIOS EIRELI - EM RECUPERACAO JUDICIAL",52239654000176,BARUERI,SP
LIOTECNICA TECNOLOGIA EM ALIMENTOS S.A.,61297784000318,EMBU DAS ARTES,SP
RAIA DROGASIL S/A,61585865032860,BRASILIA,DF
LISATEC-INDUSTRIA E COMERCIO LTDA,00148219000132,SALVADOR,BA
MEMPHIS SA INDUSTRIAL,92697010000146,PORTO ALEGRE,RS
SAVEGNAGO-SUPERMERCADOS LTDA,71322150001301,FRANCA,SP
DICATE DISTRIBUIDORA DE COSMETICOS LTDA,69125052000190,SAO CAETANO DO SUL,SP
JANGA INDUSTRIA E COMERCIO DE MATERIAIS DOMESTICOS LTDA,10690063000170,IGARASSU,PE
TRANS MARCUSSO LTDA,04866094000137,CAMBARA,PR
FRUT S INDUSTRIA E COMERCIO DE GELADOS DE ALAGOAS LTDA,08511719000107,MACEIO,AL
CENTROLAR ELETROMOVEIS LTDA,04018712000512,MATINHOS,PR
SUPERMERCADOS JAU SERVE LTDA,03640467002219,SAO CARLOS,SP
NEUTROCARE INDUSTRIA E COMERCIO DE COSMETICOS EIRELI,26526964000161,VINHEDO,SP
INDUSTRIA ALIMENTICIA BETTI LTDA,19797484000170,ARAPIRACA,AL
DROGARIA FREITAS DE MURIAE LTDA,08242580000135,MURIAE,MG
DROGARIA SAO MATHEUS LTDA,27053425000115,LAJES,RN
FIBRIA CELULOSE S/A,60643228034883,JACAREI,SP
M NERONI EIRELI,00992173000133,SAO JORGE DO PATROCINIO,PR
STIVAL ALIMENTOS INDUSTRIA E COMERCIO S/A,76727122000146,CAMPO LARGO,PR
SANTA HELENA INDUSTRIA DE ALIMENTOS S/A,45256997000183,RIBEIRAO PRETO,SP
JOHNSON & JOHNSON DO BRASIL INDUSTRIA E COMERCIO DE PRODUTOS PARA SAUDE LTDA.,54516661003704,SAO JOSE DOS CAMPOS,SP
INDUSTRIA DE PRODUTOS DE LIMPEZA DUPOVO LTDA,41465725000132,MARACANAU,CE
CORADINI ALIMENTOS LTDA,87675518000103,BAGE,RS
PARATI INDUSTRIA E COMERCIO DE ALIMENTOS LTDA,82945932000171,SAO LOURENCO DO OESTE,SC
BALAROTI - COMERCIO DE MATERIAIS DE CONSTRUCAO S.A.,77044618004418,CURITIBA,PR
SUPERMERCADO RONDON LTDA,51010502000800,ARACATUBA,SP
COMARROZ INDUSTRIA DE PRODUTOS ALIMENTICIOS EIRELI,06039592000131,CERQUILHO,SP
COOPERATIVA REGIONAL AGROPECUARIA SUL CATARINENSE,86512647000118,TURVO,SC
MAETERRA PRODUTOS NATURAIS LTDA,51723435000103,OSASCO,SP
FINI COMERCIALIZADORA LTDA.,15579674000160,JUNDIAI,SP
L PEDRAS EMPREENDIMENTOS FARMACEUTICOS LTDA,17459195000135,LAGOA DE PEDRAS,RN
WAL MART BRASIL LTDA,00063960005917,SAO JOSE DO RIO PRETO,SP
GOIAS VERDE ALIMENTOS LTDA EM RECUPERACAO JUDICIAL,24866741000118,LUZIANIA,GO
NOVA VICOSA INDUSTRIA E COMERCIO IMPORTACAO E EXPORTACAO DE AGUARDENTE LTDA,05871813000170,PEDRA AZUL,MG
BUNGE ALIMENTOS S/A,84046101037194,SAO PAULO,SP
VIGOR ALIMENTOS S.A,13324184000197,SAO PAULO,SP
OPUS PRODUTOS DE HIGIENE E DESCARTAVEIS LTDA.,62676002000152,SAO PAULO,SP
QUIMICA AMPARO LTDA,43461789000190,AMPARO,SP
PROCOSA PRODUTOS DE BELEZA LTDA,33306929000798,SAO PAULO,SP
FABIO CARVALHO DIAS RALSTON,05804728000190,TERRA ROXA,SP
DROGARIA E PERFUMARIA CRISTINA LTDA,20498499000116,PIRAPORA,MG
HIKARI INDUSTRIA E COMERCIO LTDA,61155511000177,FERRAZ DE VASCONCELOS,SP
CERVEJARIA BADEN BADEN LTDA.,03431255000105,CAMPOS DO JORDAO,SP
COCAMAR COOPERATIVA AGROINDUSTRIAL,79114450000165,MARINGA,PR
INDUSTRIA & COMERCIO CAFE OURO VERDE LTDA,11701000000135,GARANHUNS,PE
JBS S/A,02916265000160,SAO PAULO,SP
NELSON WENDT CIA LTDA,92215763000178,PELOTAS,RS
LUZA INDUSTRIA E COMERCIO DE ALIMENTOS S.A,22135959000177,LUZ,MG
DANONE LTDA,23643315000152,SAO PAULO,SP
TERMOGEL INDUSTRIA E COMERCIO DE PRODUTOS DE ESTETICA LTDA,01152141000192,SAO PAULO,SP
DROGARIA RINA LTDA,03612425000140,BRASILIA,DF
GUIMARAES INDUSTRIA & COMERCIO LTDA,03116028000187,SANTO ANTONIO DA PATRULHA,RS
CERVEJARIA MANIACS LTDA,17965117000102,CURITIBA,PR
L.M.R. MATERIAIS D ECONSTRUCAO LTDA,10370752000106,NOVO GAMA,GO
SANJO COOPERATIVA AGRICOLA DE SAO JOAQUIM,01587541000120,SAO JOAQUIM,SC
ELETROZEMA S/A,26404731031660,PARAISOPOLIS,MG
DMG - PRODUTOS ALIMENTICIOS LTDA.,07790200000134,TAQUARITINGA,SP
EIC DO BRASIL INDUSTRIA E COMERCIO DE ALIMENTOS S.A.,05207076000106,GOIANIA,GO
BANAKON HORTIFRUTIGRANJEIROS E TRANSPORTES LTDA,95413175000137,CURITIBA,PR
COASUL COOPERATIVA AGROINDUSTRIAL,79863569003822,SAO JOAO,PR
STEVIA NATUS PRODUTOS NATURAIS LTDA,06010802000169,CAMBIRA,PR
MASTER TELECOM LTDA.,17289913000172,SIQUEIRA CAMPOS,PR
COMPANHIA BRASILEIRA DE DISTRIBUICAO,47508411110504,SAO PAULO,SP
INTERLANDIA LIMITADA,10782639000120,JABOATAO DOS GUARARAPES,PE
BASF SA,48539407001270,CARAZINHO,RS
CERVEJARIA SANTA CATARINA LTDA,08875424000101,FORQUILHINHA,SC
COPRA INDUSTRIA ALIMENTICIA LTDA,02736595000173,MACEIO,AL
SUPERMERCADO HIROTA LTDA,56527062001000,SAO PAULO,SP
GRANDE RIO ALIMENTOS LTDA,30224372000162,NOVA IGUACU,RJ
LEITE FAZENDA BELA VISTA LTDA,55883094000186,TAPIRATIBA,SP
"RAFA PET COMERCIO, IMPORTACAO E EXPORTACAO LTDA",06270940000187,SAO PAULO,SP
"SELETA E BOAZINHA, INDUSTRIA E COMERCIO IMPORTACAO E EXPORTACAO EIRELI",21824073000259,SALINAS,MG
COPAG DA AMAZONIA S A,04664637000133,MANAUS,AM
GLEDYSON DE NEGREIROS ALBUQUERQUE,09190339000172,SALITRE,CE
HIKAGE PRODUTOS ALIMENTICIOS LTDA,61070686000181,SAO PAULO,SP
INOVAM BRASIL IMPORTACAO E EXPORTACAO LTDA,06344351000104,JI-PARANA,RO
DYNA INDUSTRIA E COMERCIO LTDA.,61354148000119,GUARULHOS,SP
AVENORTE AVICOLA CIANORTE LTDA,01682147000171,CIANORTE,PR
NASCIMENTO & FILHO INDUSTRIA E COMERCIO DE DOCES LTDA,04584854000113,SAO LOURENCO,MG
COMPANHIA BRASILEIRA DE DISTRIBUICAO,47508411108518,SAO PAULO,SP
REFRIX ENVASADORA DE BEBIDAS LTDA,72459878000109,TIETE,SP
ITAZUL INDUSTRIA E COMERCIO DE PRODUTOS DE LIMPEZA EIRELI,05116907000134,SIMOES FILHO,BA
DROGARIA BELA FARMA LTDA,14543582000167,MANTENA,MG
"UNICHARM DO BRASIL INDUSTRIA E COMERCIO DE PRODUTOS DE HIGIENE LTDA.,",13884068000122,JAGUARIUNA,SP
MILTON ALVES INDUSTRIA E COMERCIO LIMITADA,12363594000184,MACEIO,AL
PADARIA E CONFEITARIA SALTINHENSE LTDA,66767021000145,SALTINHO,SP
QUETZAL CHOCOLATE DE ORIGEM LTDA,24386289000197,RIO DE JANEIRO,RJ
MERCEARIA TIAGO 109 SUPERFRUTI COPACABANA EIRELI,08801788000147,RIO DE JANEIRO,RJ
THEODOROS DARIS & CIA LTDA,61072716000199,SAO PAULO,SP
USINA DE LATICINIOS JUSSARA SA,47964911000100,PATROCINIO PAULISTA,SP
DISTRIBUIDORA AMARAL LTDA,21759758000188,DIVINOPOLIS,MG
PRIMAFER S.A.,87230553000119,ESTEIO,RS
AMAZONAS INDUSTRIA E COMERCIO DE ALIMENTOS LTDA,01357555000158,MACEIO,AL
CAMIL ALIMENTOS S.A.,64904295000103,SAO PAULO,SP
DOCEIRA CAMPOS DO JORDAO LTDA. EM RECUPERACAO JUDICIAL,57885220000167,RIBEIRAO PIRES,SP
EMBARE INDUSTRIAS ALIMENTICIAS S/A,21992946000151,LAGOA DA PRATA,MG
COMPANHIA BRASILEIRA DE DISTRIBUICAO,47508411183560,SAO PAULO,SP
ACRILEX TINTAS ESPECIAIS S A,60779014000187,SAO BERNARDO DO CAMPO,SP
M DIAS BRANCO S.A. INDUSTRIA E COMERCIO DE ALIMENTOS,07206816000115,EUSEBIO,CE
CRISTALCOPO DESCARTAVEIS S/A,05316470000182,ICARA,SC
CONFEPAR AGRO-INDUSTRIAL COOPERATIVA,76531581000150,LONDRINA,PR
SUPER GLOBO QUIMICA LTDA,07334368000135,CONTAGEM,MG
"BRASIL INDUSTRIA, COMERCIO E EXPORTACAO DE PRODUTOS ALIMENTICIOS LTDA",26513839000117,CAUCAIA,CE
SUPERMERCADO NOSSA SENHORA APARECIDA EIRELI,28396221000140,BRITANIA,GO
"FALCON DISTRIBUICAO, ARMAZENAMENTO E TRANSPORTES S.A.",23191831000193,GOIANIA,GO
AICA AGROINDUSTRIA COMERCIO DE ALIMENTOS LTDA,01133434000122,MOGI DAS CRUZES,SP
GLICO ALIMENTOS LTDA,46621017000167,OSASCO,SP
PAN PRODUTOS ALIMENTICIOS NACIONAIS S A,59274704000103,SAO CAETANO DO SUL,SP
INDUSTRIAL ALIMENTOS TALISMÃ LTDA,23312500000164,LIMOEIRO DE ANADIA,AL
BRASABOR INDUSTRIA E COMERCIO DE PRODUTOS ALIMENTICIOS LTDA,09584808000138,RIBEIRAO PIRES,SP
J. FRANCO LTDA,62204243000107,SAO JOSE DO RIO PRETO,SP
FRUTOS DA TERRA LTDA.,08355342000136,PELOTAS,RS
JOSAPAR JOAQUIM OLIVEIRA SA PARTICIPACOES,87456562001870,PELOTAS,RS
LATICINIOS OSCAR SALGADO LTDA,29689346000120,TRINDADE,GO
REDEPHARMA DROGARIA EIRELI,20393904000131,CAMPOS DOS GOYTACAZES,RJ
INDUSTRIA ORIENTAL LTDA,03522858000104,ARACAJU,SE
INDUSTRIA DE PRODUTOS ALIMENTICIOS MAVALERIO LTDA,62379037000120,ITATIBA,SP
PAN CHRISTIAN IND E COM DE PRODUTOS ALIMENTICIOS LTDA,02419557000197,SAO PAULO,SP
COLOMBO SUPERMERCADOS LTDA,19737561000104,EUNAPOLIS,BA
ARCOR DO BRASIL LTDA.,54360656000144,RIO DAS PEDRAS,SP
CODAP BRASIL LTDA,04412044000180,SOROCABA,SP
IMPORTADORA DE FRUTAS LA VIOLETERA LTDA,79638524000758,CURITIBA,PR
LATICINIOS PASSA QUATRO LTDA,17567256000188,PASSA QUATRO,MG
GDC ALIMENTOS S.A,02279324000489,SAO PAULO,SP
MONAMA INDUSTRIA E COMERCIO DE ALIMENTOS S.A.,10351654000113,ITUPEVA,SP
INDUSTRIA E COMERCIO DE COSMETICOS G.H.F. LTDA,05552477000101,ABREU E LIMA,PE
INDUSTRIA E COMERCIO XAVANTE EIRELI,08935629000135,BEZERROS,PE
MACIEL + ROCHA LTDA,37577640000179,PARAISO DO TOCANTINS,TO
KO INDUSTRIAL LTDA,05323300000125,SIMOES FILHO,BA
SOIN SOCIEDADE INDUSTRIAL IMPORTACAO E EXPORTACAO LTDA,50590553000110,TABOAO DA SERRA,SP
SIZELY - INDUSTRIA DE CONFECCOES LTDA,72109960000103,ERECHIM,RS
INDUSTRIAS REUNIDAS BONA SORTE LTDA,02365095000172,PALMEIRA DOS INDIOS,AL
AMBROSIO ANTONIO BALDIN,95089397000146,ALVORADA,RS
IRACEMA INDUSTRIA E COMERCIO DE CASTANHAS DE CAJU LTDA,06172378000159,FORTALEZA,CE
ADEGA CASA DE MADEIRA LTDA.,94904133000136,BENTO GONCALVES,RS
M. MONTEIRO SERVICOS ADMINISTRATIVOS LTDA,02428015000180,SAO PAULO,SP
DALL BRASIL S.A. - SOLUCOES EM ALIMENTACAO E SERVICOS DE SUPORTE,01422254001647,CANDEIAS,BA
SUPERMERCADO IQUEGAMI LTDA,01915625001037,CATANDUVA,SP
JAV INDUSTRIA DE ALIMENTOS LTDA,08369748000178,LAGARTO,SE
MAKRO ATACADISTA SOCIEDADE ANONIMA,47427653011907,SAO LUIS,MA
LOJAS RENNER S.A.,92754738019858,SERRA,ES
SEARA ALIMENTOS LTDA,02914460000150,ITAJAI,SC
MARIZA SHIZUKO NISIZAKA,02644468000144,MOGI DAS CRUZES,SP
ALEXANDRE BATISTA CORREA & CIA LTDA,21911839000232,GUAXUPE,MG
LATICINIOS MATINAL LTDA,47081427000125,CATANDUVA,SP
PORTAO DE CAMBUI DOCES E LATICINIOS LTDA,00497383000155,CAMBUI,MG
CERVEJARIA FARRAPOS LTDA,11773339000147,PASSO FUNDO,RS
VINAGRE BELMONT SA,44806784000115,LENCOIS PAULISTA,SP
AZUMA KIRIN INDUSTRIA E COMERCIO DE BEBIDAS E ALIMENTOS LTDA.,61153169000257,CAMPINAS,SP
LACTICINIOS TIROL LTDA,83011247000130,TREZE TILIAS,SC
AMIGOS DO BEM INSTITUICAO NACIONAL CONTRA A FOME E A MISERIA,05108918000172,SAO PAULO,SP
"F.H.O.M. - INDUSTRIA, COMERCIO E EMBALAGENS DE PRODUTOS ALIMENTICIOS LTDA",74575804000155,SAO BERNARDO DO CAMPO,SP
CASTELO ALIMENTOS S/A,07814284000107,JUNDIAI,SP
VIX COMERCIO E SERVICOS EIRELI,15470541000150,VILA VELHA,ES
SOL PANAMBY SPECIALTY COFFEES LTDA.,10678481000223,SAO PAULO,SP
FRANGOS PIONEIRO INDUSTRIA E COMERCIO DE ALIMENTOS LTDA,00974731000138,JOAQUIM TAVORA,PR
RESIBRAS INDUSTRIA DE CASTANHAS LTDA,07143431000318,FORTALEZA,CE
CAPPRY S INDUSTRIA DE LATICINIOS LTDA,92322890000176,VIAMAO,RS
SUZANO PAPEL E CELULOSE S.A.,16404287017554,ELESBAO VELOSO,PI
BARBOSA & MARQUES S A,19273747000141,GOVERNADOR VALADARES,MG
FORNO PAULISTA LTDA,03500636000190,BEBEDOURO,SP
MEC COMERCIO IMPORTACAO E EXPORTACAO DE CAFE LTDA,08144235000240,BELO HORIZONTE,MG
LATICINIOS CATUPIRY LTDA,61087367000189,SAO PAULO,SP
NEUZA ELENA SIQUEIRA,05063831000126,UBERABA,MG
AKLA INDUSTRIA DE COSMETICOS LTDA,01470165000190,SERRA,ES
NHA TUCA INDUSTRIA DE ALIMENTOS LTDA,17010965000168,ITU,SP
TELC. TELECOM. EMPREENDIMENTOS LTDA,04841288000188,CUIABA,MT
ENOVA FOODS S.A.,46948287000187,CATANDUVA,SP
OLI MA INDUSTRIA DE ALIMENTOS LTDA,61004958000145,ITAQUAQUECETUBA,SP
COOPERATIVA TRITICOLA SEPEENSE LTDA,97225346000120,SAO SEPE,RS
DROGARIA DROGAFUJI LTDA,11985729000261,BRASILIA,DF
MR COM. ATACADISTA DE ALIMENTOS LTDA,12890875000195,GIRAU DO PONCIANO,AL
KELLOGG BRASIL LTDA.,55002133000199,SAO PAULO,SP
NAZCA COSMETICOS INDUSTRIA E COMERCIO LTDA,56851355000149,SAO BERNARDO DO CAMPO,SP
DROGARIA NAQUE LTDA,04055773000126,NAQUE,MG
YPIOCA INDUSTRIAL DE BEBIDAS S.A,15209980000104,FORTALEZA,CE
INDUSTRIA ALIMENTICIA ALFA LTDA,38875365000132,SAO PAULO,SP
BOMPRECO BAHIA SUPERMERCADOS LTDA,97422620008569,ARACAJU,SE
BR-SUL INDUSTRIA E COMERCIO LTDA,00768848000165,PELOTAS,RS
VALTEMIR MEIRELES DA SILVA & CIA LTDA,10221996000119,GRAVATAI,RS
DROGARIA CARNEIRINHOS LTDA,20774105000105,JOAO MONLEVADE,MG
SUPLICY CAFES ESPECIAIS S.A.,05317992000107,SAO PAULO,SP
VF&V MUNDICOMEX INDUSTRIA E COMERCIO DE PRODUTOS ALIMENTICIOS LTDA,05287946000102,SAO PAULO,SP
HIDRAU TORQUE INDUSTRIA COMERCIO IMPORTACAO E EXPORTACAO LTDA,44357085000640,SAO PAULO,SP
N S A MINERACAO AGUA D'MINA LTDA,03817198000199,SAO MIGUEL DO PASSA QUATRO,GO
L & A SOLUCOES EM TECNOLOGIAS EDUCACIONAIS LTDA,10826142000166,BRASILIA,DF
CATRICALA E CIA LIMITADA,43235985000732,SAO JOSE DO RIO PRETO,SP
DROGARIA ATLAS DE MURIAE LTDA,26012476000136,MURIAE,MG
MINIMERCADO SCARTEZZINI LTDA,94208642000124,PORTO ALEGRE,RS
NUTRIVITA INDUSTRIA DE ALIMENTOS IMP. E EXPORTACAO LTDA,67766584000181,SAO JOSE DO RIO PARDO,SP
RESERVA DE MINAS INDUSTRIA E COMERCIO LTDA.,02744273000176,MACHADO,MG
ALSACE ALIMENTOS DE EXCELENCIA EIRELI,17294309000134,BLUMENAU,SC
J.F. INDUSTRIA DE COSMETICOS LTDA,01394209000140,BRODOWSKI,SP
VITIVINICOLA GOES LTDA,49559487000136,SAO ROQUE,SP
"COOPERATIVA DOS PROD. DE MEL, INSUMOS E PROD. DA AGRIC. FAMILIAR - COOPEAPIS",08418802000128,PIRANHAS,AL
MASTER LINE DO BRASIL LTDA,01856022000110,UBERABA,MG
URBANO AGROINDUSTRIAL LTDA,84432111000167,JARAGUA DO SUL,SC
AGUAS MINERAIS DO NORDESTE LTDA,05232382000100,MACEIO,AL
FAZENDA SALINAS IND. E COM. DE BEBIDAS LTDA,03218854000137,NOVORIZONTE,MG
MARATA SUCOS DO NORDESTE LTDA.,03822667000168,ESTANCIA,SE
JANUARIO XAVIER DE ARAUJO,03074973000163,TORITAMA,PE
MELITTA DO BRASIL INDUSTRIA E COMERCIO LIMITADA,62000278000116,SAO PAULO,SP
INGREDIENT INDUSTRIA E COMERCIO DE ALIMENTOS LTDA,66133430000190,SAO PAULO,SP
CIA DE SANEAMENTO BASICO DO ESTADO DE SAO PAULO SABESP,43776517009489,ITATIBA,SP
"INDUSTRIA, COMERCIO E DISTRIBUICAO PRODUTOS DO BRASIL LTDA",26865766000122,PETROLINA DE GOIAS,GO
PARAIPABA AGROINDUSTRIAL LTDA,05492380000142,PARAIPABA,CE
JOSE GERALDO TREDER & CIA LTDA,00852156000109,ORTIGUEIRA,PR
IND E COM DE PRODUTOS ALIMENTICIOS SAO LOURENCO LTDA,17682600000180,SAO LOURENCO,MG
VINICOLA CAMPESTRE LTDA,98521909000190,CAMPESTRE DA SERRA,RS
GLOBALBEV BEBIDAS E ALIMENTOS S.A,04175027000176,BELO HORIZONTE,MG
PITA-BREAD INDUSTRIA DE PANIFICACAO LTDA,62078027000154,ATIBAIA,SP
FARINHAS INTEGRAIS CISBRA LTDA,94669611000170,IJUI,RS
FOOD BRANDS INDUSTRIA DE PRODUTOS ALIMENTICIOS S/A,24353832000150,JUNDIAI,SP
GLOBAL AR COMERCIO DE REFRIGERACAO LTDA,66110404001207,VITORIA,ES
I DON FRANCESCO LATICINIOS LTDA.,09312868000100,VALENCA,RJ
CIA SULAMERICANA DE TABACOS,01301517000183,DUQUE DE CAXIAS,RJ
BIER WEIN DISTRIBUIDORA LTDA,05367102000163,SAO PAULO,SP
ALIMENTOS BOM SABOR COMERCIO EIRELI,15109007000113,SANTA MARIA DO PARA,PA
DROGARIA ROSARIO S/A,00447821004591,GOIANIA,GO
INDUSTRIA DE PANIFICACAO NEWBREAD LTDA,01339808000160,POCOS DE CALDAS,MG
NOBEL FOODS DO BRASIL LTDA,10768623000162,CAJAMAR,SP
PRODUTOS ALIMENTICIOS SUPERBOM INDUSTRIA E COMERCIO LTD,53135232000113,SAO PAULO,SP
FLORENCE INDUSTRIAL E COMERCIAL LTDA,54470430000104,COTIA,SP
CERVEJARIA MALTA LTDA,44367522000100,ASSIS,SP
R R FERRAZ,18548838000180,SANTA LUZIA DO NORTE,AL
WOW NUTRITION INDUSTRIA E COMERCIO S.A - EM RECUPERACAO JUDICIAL,02338823000157,SAO PAULO,SP
COALA ESSENCIAS AROMATICAS LTDA,69328961000126,DOIS CORREGOS,SP
RADHA BRASIL EDICOES E SERVICOS LTDA,00756381000133,RIO DE JANEIRO,RJ
FLORA PRODUTOS DE HIGIENE E LIMPEZA S.A,08505736000123,SAO PAULO,SP
TOTAL QUIMICA LIMITADA,68418433000103,EMBU DAS ARTES,SP
NESTLE BRASIL LTDA.,60409075000152,SAO PAULO,SP
CERVEJARIA ZX S.A.,01131570000183,JAGUARIUNA,SP
UNILEVER BRASIL LTDA.,61068276001259,VALINHOS,SP
FUMACENSE ALIMENTOS LTDA,76828201000143,MORRO DA FUMACA,SC
WAL MART BRASIL LTDA,00063960000109,BARUERI,SP
MONJOLO INDUSTRIA E COMERCIO DE ALIMENTOS LTDA,10364405000162,FEIRA NOVA,PE
IND E COM DE PROD ALIM CEPERA LTDA,62162243000426,ITAQUAQUECETUBA,SP
COOP DOS TRABALHADORES ASSENT REGIAO PORTO ALEGRE LTDA,01112137000109,ELDORADO DO SUL,RS
SUPERMERCADO CACHOEIRA PAULISTA LTDA,01877858000100,CACHOEIRA PAULISTA,SP
P & L AGROINDUSTRIA DE LATICINIOS LTDA,40568933000102,IBIRAPUA,BA
PRO FORCE MAQUINAS E FERRAMENTAS LTDA,15088025000166,SOROCABA,SP
ARIALDO CELLI,76674910000111,CURITIBA,PR
MOVEIS PONTAROLLO - EIRELI,07083042001669,GUARAPUAVA,PR
TIMBAUBA S.A.,04899037000669,PETROLINA,PE
ASA INDUSTRIA E COMERCIO LTDA,01551272000142,RECIFE,PE
ZD ALIMENTOS S.A,56073307000177,MARILIA,SP
ISPL - INDUSTRIA SULAMERICANA DE PRODUTOS DE LIMPEZA LTDA,01125487000100,MARINGA,PR
REBELA COMERCIAL EXPORTADORA LTDA,69324853000185,SAO PAULO,SP
PRODUTOS ALIMENTICIOS TRIANGULO LTDA,77038735000139,CURITIBA,PR
COMPANHIA BRASILEIRA DE DISTRIBUICAO,47508411113945,FORTALEZA,CE
SENDAS DISTRIBUIDORA S/A,06057223035552,UBERLANDIA,MG
M P FOODS ABATE DE AVES LTDA,21273137000190,CRICIUMA,SC
DADA SUPERMERCADO LTDA,17676214000185,SAO SEBASTIAO DO PARAISO,MG
PASTIFICIO BAHIA LTDA,15221575000101,SALVADOR,BA
DECANA DO BRASIL LTDA,05530728000149,RECIFE,PE
CAFE DEL PLATA COMERCIO DE ALIMENTOS LTDA.,07860546000595,SAO PAULO,SP
PAMPLONA ALIMENTOS S/A,85782878000189,RIO DO SUL,SC
INGLEZA INDUSTRIA DE PRODUTOS DE LIMPEZA E COSMETICOS LTDA.,17245028000353,SANTA LUZIA,MG
INDUSTRIA E COMERCIO DE LATICINIOS MARIA MADALENA DE SOUZA LTDA,26189084000147,OLIVEIRA,MG
BIOCAP INDUSTRIA DE COSMETICOS LTDA,02207934000124,TRINDADE,GO
DUSUL ALIMENTOS LTDA,05771868000109,MANDAGUACU,PR
ADILSON MATORIZEN & CIA LTDA,05282633000153,PAULA FREITAS,PR
OLIVEIRA E CAPELARI LTDA,05594828000139,NOVA XAVANTINA,MT
LIGHTSWEET - INDUSTRIA E COMERCIO DE ALIMENTOS LTDA,82015652000164,MARIALVA,PR
TOSHIKO HIROTA MAKATU,08364779000136,BREJO ALEGRE,SP
PINDUCA INDUSTRIA ALIMENTICIA LTDA,75875773000110,ARARUNA,PR
L. R. NORDESTE S/A,03470672000159,NOSSA SENHORA DO SOCORRO,SE
M W A COMERCIO DE PRODUTOS ALIMENTICIOS LTDA,53512810000193,SAO JOSE DO RIO PRETO,SP
MASTERCOM COMERCIAL LTDA,13002559000100,CURITIBA,PR
WMS SUPERMERCADOS DO BRASIL LTDA.,93209765016978,BARRA DO RIBEIRO,RS
NACOM GOYA INDUSTRIA E COMERCIO DE ALIMENTOS LTDA,61724241000178,SANTANA DE PARNAIBA,SP
DROGARIA SILVEIRA DE PIRAUBA LTDA,25311710000163,PIRAUBA,MG
WAL MART BRASIL LTDA,00063960026248,JOAO PESSOA,PB
TROIA S/A PRODUTOS DE LIMPEZA,11923281000170,MACEIO,AL
JFM INDUSTRIA E COMERCIO LTDA,02116946000143,FEIRA DE SANTANA,BA
NATUPHITUS INDUSTRIA E COMERCIO DE COSMETICOS LTDA,73697666000114,ALMIRANTE TAMANDARE,PR
MOINHOS UNIDOS BRAZIL MATE S.A,76496702000170,ALMIRANTE TAMANDARE,PR
PERFETTI VAN MELLE BRASIL LTDA.,02097007000107,VINHEDO,SP
FANTE INDUSTRIA DE BEBIDAS LTDA,89967939000133,FLORES DA CUNHA,RS
J MACEDO S/A,14998371000119,FORTALEZA,CE
IRMAOS RAIOLA & CIA. LTDA,61075099000185,SAO PAULO,SP
COOPERATIVA AGRO PECUARIA DE PATROCINIO LTDA,23405160000116,PATROCINIO,MG
INDUSTRIA E COMERCIO DE SABAO GUARANI LTDA,02717529000156,MOSSORO,RN
UNI COMPRA SUPERMERCADOS LTDA,41185455001501,MACEIO,AL
GUILHERME BERNARDES & FILHOS INDUSTRIA COMERCIO E EXPORTADORA DE CAFE LTDA,04922237000180,MONTE SIAO,MG
BIMBO DO BRASIL LTDA,35402759000185,SAO PAULO,SP
CASSIA M. M. TOLEDO,00853238000160,PALESTINA,SP
ADERICO & CORREIA CALÇADOS E ACESSÓRIOS LTDA,22499749000168,ARAPIRACA,AL
WYETH INDUSTRIA FARMACEUTICA LTDA,61072393000133,SAO PAULO,SP
FRANCISCO DE ASSIS COSME,11600491003739,SOBRAL,CE
ZODIAC-PRODUTOS FARMACEUTICOS S.A.,55980684000127,PINDAMONHANGABA,SP
SUPERMERCADO LESTE OESTE LTDA,08540603000198,MACEIO,AL
VINICOLA PERINI LTDA,91319392000101,FARROUPILHA,RS
REAL PRODUTOS DE HIGIENE E LIMPEZA DO BRASIL LTDA,20358374000190,SAO LUIS,MA
INDUSTRIAS REUNIDAS FLAMBOYANT DO BRASIL LTDA,08726429000172,UBERLANDIA,MG
AGROINDUSTRIAL VIEIRA LTDA,16644245000191,ARAPIRACA,AL
ANGLO ALIMENTOS S.A.,55261853000179,SAO PAULO,SP
JACOBS DOUWE EGBERTS BR COMERCIALIZACAO DE CAFES LTDA.,02333707000145,BARUERI,SP
WILL BEBIDAS LTDA,56036312000100,SAO PAULO,SP
ASSOCIACAO DE DESENVOLVIMENTO AGROPECUARIO DO SITIO BOA AGUA,09244002000109,CASCAVEL,CE
COMPANHIA BRASILEIRA DE BEBIDAS PREMIUM,09325874000193,PINDORETAMA,CE
LABORATORIOS PFIZER LTDA,46070868003699,ITAPEVI,SP
MARILAN ALIMENTOS S/A,52034139000150,MARILIA,SP
CARLEZANI INDUSTRIA E COMERCIO LTDA,09236298000108,RIBEIRAO DAS NEVES,MG
SOCIEDADE DIVINA PROVIDENCIA,83883306000160,FLORIANOPOLIS,SC
"LACTALIS DO BRASIL - COMERCIO, IMPORTACAO E EXPORTACAO DE LATICINIOS LTDA.",14049467000130,PORTO ALEGRE,RS
BLUE BEVERAGES ENVASADORA LTDA,05193785000260,TATUI,SP
DOCILE ALIMENTOS LTDA,94261534000115,LAJEADO,RS
COMPANHIA SULAMERICANA DE DISTRIBUICAO,11517841005903,ARACATUBA,SP
COMPANHIA BRASILEIRA DE DISTRIBUICAO,47508411135833,CATANDUVA,SP
PERNOD RICARD BRASIL INDUSTRIA E COMERCIO LTDA,33856394001709,SAO PAULO,SP
MAURICIO QUAGLIATO,01853982000127,CAPIVARI,SP
SUPERMERCADO REAL URU LTDA,03554958000112,URU,SP
NESTLE BRASIL LTDA.,60409075000152,SAO PAULO,SP
TECELAGEM SILVA ROCHA LTDA,00859098000137,ITAUNA,MG
HERSHEY DO BRASIL LTDA,04429377000111,SAO ROQUE,SP
VINICOLA SALTON S.A.,87547428000137,BENTO GONCALVES,RS
INDUSTRIA E COMERCIO DE DOCES VALE VERDE LTDA,35044791000136,IPAUMIRIM,CE
PHITOTERAPHIA BIOFITOGENIA LABORATORIAL BIOTA LTDA,00104603000133,NOVA IGUACU,RJ
SAVEGNAGO-SUPERMERCADOS LTDA,71322150003266,RIBEIRAO PRETO,SP
SENDAS DISTRIBUIDORA S/A,06057223023112,RIBEIRAO PRETO,SP
IND DE TORRONE NOSSA SENHORA DE MONTEVERGINE LTDA,43643857000132,SAO PAULO,SP
AGFA GEVAERT DO BRASIL LTDA,00980360000105,SAO PAULO,SP
DRICOS MOVEIS E ELETRODOMESTICOS LTDA EM RECUPERACAO JUDICIAL,04980258000314,FORTALEZA,CE
SAO BRAZ S/A INDUSTRIA E COMERCIO DE ALIMENTOS,08811226001903,CABEDELO,PB
INDUSTRIA DE BEBIDAS PIRASSUNUNGA LTDA,58551326000197,PIRASSUNUNGA,SP
PREDILECTA ALIMENTOS LTDA,62546387000133,MATAO,SP
CASSINI ALIMENTOS LTDA.,38930624000342,CAMPINAS,SP
ITAIQUARA ALIMENTOS S.A.,72111321000174,TAPIRATIBA,SP
POMPEIA S.A.INDUSTRIA E COMERCIO,59775478000721,POMPEIA,SP
DUCOCO PRODUTOS ALIMENTICIOS S/A,09426032000128,ITAPIPOCA,CE
SOLIVA DESENVOLVIMENTOS E EMPREENDIMENTOS LTDA,03083576000158,ITAPEVI,SP
MASTER AGROINDUSTRIAL LTDA,02011086000183,VIDEIRA,SC
NOTARO ALIMENTOS LTDA,01682695000100,BELO JARDIM,PE
CIPAN COM E IND DE PRODS ALIMENTICIOS DO NORDESTE LTDA,09991639000150,CARUARU,PE
VISION BRASIL OTICA LTDA,23621464000110,MACEIO,AL
COOPERATIVA CENTRAL AURORA ALIMENTOS,83310441000117,CHAPECO,SC
COOPERATIVA DE SUCOS MONTE VENETO,08841296000185,COTIPORA,RS
ROSICLEIA DOS SANTOS MARTINS 18708544972,11592068000123,CURITIBA,PR
SODEXO DO BRASIL COMERCIAL S.A.,49930514054308,TAUBATE,SP
BIO-EXTRATUS COSMETIC NATURAL LTDA,02176615000107,ALVINOPOLIS,MG
LILIANE C. L. DOS ANJOS,13305970000147,SOBRAL,CE
VINHOS DUELO LTDA.,12678989000176,PINHEIRO PRETO,SC
MELHORAMENTOS CMPC LTDA,44145845000221,MOGI DAS CRUZES,SP
MOBILIARE MOVEIS E DECORACOES LTDA,12484718000180,PALMAS,TO
DROGARIA E PERFUMARIA GONCALVES LTDA,22007605000147,BRASILIA,DF
BOA FE INDUSTRIA E COMERCIO LTDA,05127369000183,CONQUISTA,MG
SUPERMERCADO JARDIM ESTER LTDA,49798473000175,SAO PAULO,SP
RIO BRANCO ALIMENTOS S/A,05017780000287,VISCONDE DO RIO BRANCO,MG
BEBIDAS POTY LTDA,55223127000161,POTIRENDABA,SP
INDUSTRIA E COMERCIO OLIVEIRA LTDA,85720290000109,LAURENTINO,SC
GGT COMERCIO LTDA,04714931000102,ACAILANDIA,MA
DORI ALIMENTOS S.A.,52123916000132,MARILIA,SP
CATAFESTA-INDUSTRIA DE VINHOS LTDA,88624499000159,SAO MARCOS,RS
CONEX CONSTRUCOES E EMPREENDIMENTOS IMOBILIARIOS LTDA,76388743000142,CURITIBA,PR
BENTO ARNALDO DA CRUZ,77791473000189,SAO JOSE DOS PINHAIS,PR
MANUFATURA PRODUTOS KING LTDA,33479445000155,RIO DE JANEIRO,RJ
S TEIXEIRA PRODUTOS ALIMENTICIOS LTDA,64111206000171,CORUMBA DE GOIAS,GO
MARTINS COMERCIO E SERVICOS DE DISTRIBUICAO S/A,43214055000107,UBERLANDIA,MG
A. R. C. LOGISTICA E ALIMENTOS LTDA,11609581000180,PRESIDENTE PRUDENTE,SP
SAKURA NAKAYA ALIMENTOS LTDA,61070694000128,SAO PAULO,SP
VALENTIM SUPERMERCADO E SOCIEDADE LTDA,19406814000159,GUARULHOS,SP
ORLANDO ZANCOPE & CIA. LTDA.,48205157000180,GARCA,SP
SANTE COSMETICA INDUSTRIA LTDA,07787570000112,VARGINHA,MG
ECONATURA PRODUTOS ECOLOGICOS E NATURAIS LTDA,01365008000114,GARIBALDI,RS
ABATEDOURO DE AVES IDEAL LTDA,74251919000194,PEREIRAS,SP
AGROINDUSTRIAL VIEIRA LTDA,16644245000191,ARAPIRACA,AL
TAMBAU INDUSTRIA ALIMENTICIA LTDA,02340534000192,CUSTODIA,PE
UNILEVER BRASIL LTDA.,61068276000104,SAO PAULO,SP
DROGARIA NACOES LTDA,33010307000122,RIO DE JANEIRO,RJ
ASA BRANCA INDL. COML. E IMPORTADORA LTDA,03636036000154,ARAPIRACA,AL
COOPERATIVA REGIONAL AGROPECUARIA SUL CATARINENSE,86512647000118,TURVO,SC
SUPERMERCADOS CAVICCHIOLLI LTDA,43259548000325,AMERICANA,SP
SAVEGNAGO-SUPERMERCADOS LTDA,71322150004408,SAO CARLOS,SP
CERVEJARIA CIDADE IMPERIAL PETROPOLIS LTDA,01708217000113,PETROPOLIS,RJ
EMPAVIL EMPACOTAMENTO E DISTRIBUICAO LTDA,14158142000196,VITORIA DE SANTO ANTAO,PE
MILHO DE OURO COMERCIO & INDUSTRIA ALIMENTICIA LTDA.,55840102000107,EMBU DAS ARTES,SP
J. BARON INCORPORACOES IMOBILIARIAS LTDA,80218951000170,CURITIBA,PR
COMPANHIA MULLER DE BEBIDAS,03485775000192,PIRASSUNUNGA,SP
BASSI INDUSTRIA DE COSMETICOS LTDA.,22524028000160,FRANCA,SP
ATACADAO S.A.,75315333009246,RIBEIRAO PRETO,SP
"RMR AGROINDUSTRIA, COMERCIO ATACADISTA, BENEFICIAMENTO E EMPACOTAMENTO DE CEREAIS LTDA",03612196000163,FEIRA DE SANTANA,BA
MERCADINHO SANTA CECILIA EIRELI,26255949000126,MACEIO,AL
SUCOS DO BRASIL S/A,05919420000190,PACAJUS,CE
GS1 BRASIL - ASSOCIACAO BRASILEIRA DE AUTOMACAO,53197141000102,SAO PAULO,SP
DROGARIA MONIFARMA LTDA,01622523000132,EMBU-GUACU,SP
GLAXOSMITHKLINE BRASIL LTDA,33247743000110,RIO DE JANEIRO,RJ
DROGARIA TELES DE MENEZES LTDA,07524474000181,ALAGOINHAS,BA
VIACAO RIODOCE LTDA,19632116000848,ITAOBIM,MG
CHINATOWN - INDUSTRIA E COMERCIO DE ALIMENTOS LTDA,07425220000106,BAURU,SP
HIPER MASSAS LTDA,58609751000190,TAUBATE,SP
INDUSTRIAS DE BEBIDAS JOAQUIM THOMAS DE AQUINO FILHO SA,31901382000158,RIO DE JANEIRO,RJ
CAJUINA SAO GERALDO LTDA,06942221000165,JUAZEIRO DO NORTE,CE
BEIRA ALTA ALIMENTOS LTDA EM RECUPERACAO JUDICIAL EM RECUPERACAO JUDICIAL,10242889000177,ITAJAI,SC
GFG COSMETICOS LTDA,55572044000188,FERRAZ DE VASCONCELOS,SP
MARIZA INDUSTRIA E COMERCIO DE ALIMENTOS LTDA,01773117000170,CASTANHAL,PA
BEBIDAS ASTECA LTDA,56010739000139,PRESIDENTE PRUDENTE,SP
COOPERATIVA DOS PRODUTORES DE PALMITO DO BAIXO SUL DA BAHIA - COOPALM,07158412000101,IGRAPIUNA,BA
WAL MART BRASIL LTDA,00063960023575,UBERLANDIA,MG
GUAPA'S COMERCIAL LTDA,74137092000192,SAO PAULO,SP
INDUSTRIA E COMERCIO DE CONSERVAS MOLIZ PALMEIRAL EIRELI,03552541000110,BREVES,PA
SUPER MERCADO ZONA SUL S A,33381286000151,RIO DE JANEIRO,RJ
LIMA & PERGHER INDUSTRIA E COMERCIO S/A,22685341000180,RIO DE JANEIRO,RJ
LATICINIOS SULMINAS LTDA,18882209000191,HELIODORA,MG
RAIA DROGASIL S/A,61585865067574,SAO PAULO,SP
FLORESTAL ALIMENTOS S/A,91155259000167,LAJEADO,RS
CICOPAL INDUSTRIA E COMERCIO DE PRODUTOS ALIMENTICIOS E HIGIENE PESSOAL LTDA,01121175000110,SENADOR CANEDO,GO
BUNGE ALIMENTOS S/A,84046101000193,GASPAR,SC
MASSAS ALIMENTICIAS DA ROZ LTDA,51377935000122,LEME,SP
GONCALVES & TORTOLA S/A - EM RECUPERACAO JUDICIAL,85070068002577,PARANAVAI,PR
BANCO DO ESTADO DO RIO GRANDE DO SUL SA,92702067062469,BOA VISTA DO INCRA,RS
DACOLONIA ALIMENTOS NATURAIS LTDA.,04330736000189,SANTO ANTONIO DA PATRULHA,RS
AURORA BEBIDAS E ALIMENTOS FINOS LTDA,61296646000152,SAO PAULO,SP
DROGARIA MIDORI EIRELI,53164448000107,SAO PAULO,SP
AMAFIL INDUSTRIA E COMERCIO DE ALIMENTOS LTDA,75784140000105,CIANORTE,PR
CONDOR S.A,86046448000161,SAO BENTO DO SUL,SC
BLONDINE CERVEJARIA EIRELI,12764852000134,ITUPEVA,SP
COOPERATIVA AGRO PECUARIA PETROPOLIS LTDA,91589507000188,NOVA PETROPOLIS,RS
LATICINIOS CURRAL DE MINAS LTDA,66309329000147,OLIVEIRA,MG
NASCIMENTO E PENEDO INDUSTRIA E COMERCIO DE DOCES E LATICINIOS LTDA,07975617000171,SAO LOURENCO,MG
SOPRANO ELETROMETALURGICA E HIDRAULICA LTDA,88634977000101,FARROUPILHA,RS
COPACOL-COOPERATIVA AGROINDUSTRIAL CONSOLATA,76093731000190,CAFELANDIA,PR
DEPOSITO AVENIDA DE MONTES CLAROS EIRELI,86423563000108,MONTES CLAROS,MG
RAMPINELLI ALIMENTOS LTDA,79416541000155,FORQUILHINHA,SC
R. A. DE PAULA & CIA LTDA,04423947000166,LUNARDELLI,PR
"HONEY WORLD MEL INDUSTRIA, COMERCIO, IMPORTACAO E EXPORTACAO LTDA",13469148000111,RIBEIRAO PRETO,SP
REX PNEUS INDUSTRIA E COMERCIO LTDA,76494277000180,CURITIBA,PR
DISTRIBUIDORA DE ALIMENTOS ESTRELA GUIA LTDA,19486147000161,ARAPIRACA,AL
CRIA SIM PRODUTOS DE HIGIENE LTDA.,05975111000137,DIADEMA,SP
COOPERATIVA VINICOLA GARIBALDI LTDA,90049156000150,GARIBALDI,RS
MATOS COMERCIO DE PERFUMES E COSMETICOS LTDA,14953723000977,CUIABA,MT
GRAMPOS TEIMOSO LTDA,61293338000173,SAO PAULO,SP
ABBOTT LABORATORIOS DO BRASIL LTDA,56998701000116,SAO PAULO,SP
MAPTRADE INDUSTRIA E COMERCIO DE PRODUTOS LTDA,10451845000157,RIO DE JANEIRO,RJ
DEVINTEX COSMETICOS LTDA,01773518000120,JANDIRA,SP
LATICINIOS VALE DO PIRANGI LTDA,04462889000180,IBARETAMA,CE
TROP FRUTAS DO BRASIL LTDA,07757005000617,LAVRAS,MG
SUPERMERCADO NUTRI SAM LTDA.,09535928000730,CATANDUVA,SP
DROGARIA PRECO JUSTO LTDA,23999989000194,LUZIANIA,GO
J. E. DROGARIA LTDA,18531667000186,POCAO DE PEDRAS,MA
MOAGEIRA SERRA GRANDE EIRELI,07815640000107,SOBRAL,CE
CIA. IGUACU DE CAFE SOLUVEL,76255926000190,CORNELIO PROCOPIO,PR
WG ELETRO S.A,01120364001905,ARAGUAINA,TO
SLC ALIMENTOS LTDA,04107020000117,PORTO ALEGRE,RS
INDUSTRIAS REUNIDAS RAYMUNDO DA FONTE SA,11507415000172,PAULISTA,PE
FRIGORIFICO AVICOLA VOTUPORANGA LTDA,56431364000180,VOTUPORANGA,SP
BARRACONI PROMOTORA DE VENDAS E SERVICOS LTDA,12742252000175,SAO PAULO,SP
TROPICAL INDUSTRIA DE ALIMENTOS S/A,22492169000149,VISCONDE DO RIO BRANCO,MG
BRIGHT COM COMERCIAL LTDA.,01184287000110,SAO PAULO,SP
FERRERO DO BRASIL INDUSTRIA DOCEIRA E ALIMENTAR LTDA,43816719002402,SAO PAULO,SP
IVC ALIMENTOS E BEBIDAS LTDA.,13647785000130,ARAPIRACA,AL
BRF S.A.,01838723000127,ITAJAI,SC
DISTRIBUIDORA DE VEICULOS CONFIANCA LIMITADA,12396339000561,PENEDO,AL
TICARE - INDUSTRIA E COMERCIO DE BEBIDAS EIRELI,05694537000112,SAO CARLOS,SP
IMPORTADORA DE FRUTAS LA VIOLETERA LTDA,79638524001800,CURITIBA,PR
FRATELLI INDUSTRIA E COMERCIO LTDA,17155577000175,GUARAQUECABA,PR
BRASSUCO INDUSTRIA DE PRODUTOS ALIMENTICIOS LTDA,54114327000113,ITU,SP
FABRICA DE LATICINIOS GOTAS DE LEITE LTDA,03334092000134,AVARE,SP
HNK BR BEBIDAS LTDA.,02864417000128,RIO DE JANEIRO,RJ
INDUSTRIA DE CONSERVAS SCHRAMM LTDA,92235316000180,PELOTAS,RS
FARMA ONNIX LTDA,07564304000120,PITANGA,PR
AB BRASIL INDUSTRIA E COMERCIO DE ALIMENTOS LTDA,60934551000588,SAO PAULO,SP
SCARLAT INDUSTRIAL LTDA.,60648557000165,SUZANO,SP
REFRIKO INDUSTRIA E COMERCIO DE BEBIDAS LTDA,10656672000103,CAMBE,PR
VALDECI ANTONIO DA BARRA 835.059.626-00,04617226000197,PATOS DE MINAS,MG
SIOL ALIMENTOS LTDA,44242287000131,BARUERI,SP
LATICINIOS SANTA MARIA LTDA,04439268000185,NOSSA SENHORA DA GLORIA,SE
S.PESSOA DISTRIBUIDOR IMPORT.E EXPORT.LTDA.,04823214000119,ARAPIRACA,AL
KALENA GESTORA DE MARCAS E PATENTES LTDA,11769753000182,FRANCA,SP
SO TEXTURA & REVESTIMENTOS LTDA,12037564000188,SAO PAULO,SP
SUPERMERCADO JM - EIRELI,24778890000125,INHUMAS,GO
MATE COURO S A,17177296000202,BELO HORIZONTE,MG
ELIANE S/A - REVESTIMENTOS CERAMICOS,86532538000162,COCAL DO SUL,SC
COOPERATIVA AGRICOLA MISTA DE MARANGUAPE LTDA,07634785000101,MARANGUAPE,CE
AGRINDUS SA EMPRESA AGRICOLA PASTORIL,47543145000283,DESCALVADO,SP
HIDRPARTS PRODUTOS INDUSTRIAIS LTDA,05439749000153,CURITIBA,PR
IRMAOS ROSSANEIS LTDA,47038344000153,SERTAOZINHO,SP
DIAGEO BRASIL LTDA.,62166848000142,SAO PAULO,SP
DELLY KOSMETIC COMERCIO E INDUSTRIA LTDA,01567613000178,RIO DE JANEIRO,RJ
BAGLEY DO BRASIL ALIMENTOS LTDA,06042467000180,CAMPINAS,SP
MAURICEA ALIMENTOS DO NORDESTE LTDA,12819074000214,NAZARE DA MATA,PE
ANGELO AURICCHIO COMPANHIA LTDA,62598586000195,SAO PAULO,SP
KIM NETO INDUSTRIA E COMERCIO DE PANIFICACAO LTDA,02867469000158,CARAPICUIBA,SP
DUCOCO ALIMENTOS S/A,63460299000187,LINHARES,ES
VINHOS QUINTA DO NINO LTDA,48727804000113,SAO ROQUE,SP
INDUSTRIA E COMERCIO DE BEBIDAS PALAZZO LTDA,50381003000190,JABOTICABAL,SP
LATICINIOS BELA VISTA LTDA,02089969000106,GOIANIA,GO
MARIA INES GIMENEZ FERRARA,04078748000168,ARARAQUARA,SP
SUPERMERCADOS BH COMERCIO DE ALIMENTOS LTDA,04641376001299,SANTA LUZIA,MG
R.N. DISTRIBUIDORA E COMERCIO DE COSMETICOS LTDA,03985019000122,SAO PAULO,SP
UNILEVER BRASIL INDUSTRIAL LTDA,01615814000101,SAO PAULO,SP
ATACADAO S.A.,75315333007111,FRANCA,SP
ARRIFANA INDUSTRIAL IMPORTADORA E EXP DE ALIMENTOS LTDA,49830136000118,SAO PAULO,SP
PRODUTOS ALIMENTICIOS TIO FRANCISCO EIRELI,12651076000166,ARAPIRACA,AL
LEAO ALIMENTOS E BEBIDAS LTDA.,76490184000187,SAO PAULO,SP
THEC DYNAMIS IMPORTACAO E EXPORTACAO LTDA,01358891000115,SAO PAULO,SP
PASCHOAL MOVEIS PLANEJADOS EIRELI,18628125000126,RIBEIRAO PRETO,SP
NJF INDUSTRIA E COMERCIO LTDA,04918453000152,BRASILIA,DF
LEITISSIMO S/A,04826593000109,JABORANDI,BA
AVIVAR ALIMENTOS LTDA,42816108000105,SAO SEBASTIAO DO OESTE,MG
CHOCOLATES GAROTO SA,28053619000183,VILA VELHA,ES
CALCADOS BOTTERO LTDA,90312133000196,PAROBE,RS
CERPA CERVEJARIA PARAENSE SA,04894085000150,BELEM,PA
RONI A DE AMORIM,07656617000109,JABOATAO DOS GUARARAPES,PE
LATICINIOS SALUTE EIRELI,53400784000101,SAO CARLOS,SP
TUDO NOVO ALIMENTOS LTDA,03229795000100,JABOATAO DOS GUARARAPES,PE
DOMINGOS COSTA INDUSTRIAS ALIMENTICIAS SA,17159518000175,CONTAGEM,MG
KI-KAKAU INDUSTRIA E COMERCIO DE CHOCOLATES LTDA,66632175000391,BARRA BONITA,SP
INDUSTRIA DE TEMPERO REGINA LTDA,10704112000187,MOSSORO,RN
LATICINIOS JAGUARIBE LTDA,07687049000103,JAGUARIBE,CE
NA MODA INDUSTRIA E COMERCIO DE CONFECCOES LTDA,08443107000116,PORTAO,RS
IRMAOS MUFFATO CIA LTDA,76430438007184,SAO JOSE DO RIO PRETO,SP
RAIA DROGASIL S/A,61585865026622,SOROCABA,SP
LATICINIO MC LTDA,07496057000172,ARAPIRACA,AL
J. C. DA SILVA + SILVA LTDA,07302129000101,TAQUARANA,AL
COMPANHIA HEMMER INDUSTRIA E COMERCIO,82641986000143,BLUMENAU,SC
"MAGIA DOCE INDUSTRIA, COMERCIO, IMPORTACAO E EXPORTACAO DE ALIMENTOS LTDA",34317917000136,ILHEUS,BA
BREW CENTER CERVEJAS ESPECIAIS EIRELI,04319411000103,IPEUNA,SP
SORA ALIMENTOS LTDA,19427410000141,SALVADOR,BA
FERMAT INDUSTRIA E COMERCIO DE PERFIS LTDA,03658692000239,VARZEA GRANDE,MT
SUPERMERCADO NOVA INCONFIDENCIA MINEIRA LTDA,16642818000148,SAO PAULO,SP
ROSENILDA PINTO DA SILVA MOTA,11210330000128,CONCEICAO DO COITE,BA
MEAD JOHNSON DO BRASIL COMERCIO E IMPORTACAO DE PRODUTOS DE NUTRICAO LTDA.,10351637000186,SAO PAULO,SP
KEBAI INDUSTRIA E COMERCIO LTDA,14173657000165,UBERABA,MG
RUAH ALIMENTOS LTDA,05064850000177,ARAPONGAS,PR
BARION INDUSTRIA E COMERCIO DE ALIMENTOS S/A,76657030000137,COLOMBO,PR
DALON ALIMENTOS LTDA,81378721000131,TURVO,SC
COOPERATIVA MISTA AGRO PECUARIA DE PATOS DE MINAS LTDA,23338189000122,PATOS DE MINAS,MG
BOMBRIL S/A,50564053000880,SAO BERNARDO DO CAMPO,SP
TING INDUSTRIA E COMERCIO LTDA,04827795000167,MONTE MOR,SP
PASTIFICIO SANTA AMALIA S/A.,22229207000175,MACHADO,MG
CIPA-INDUSTRIAL DE PRODUTOS ALIMENTARES LTDA,01851716000165,APARECIDA DE GOIANIA,GO
DOCEMAIOR PRODUTOS ALIMENTICIOS EIRELI,07598255000147,CAMPINAS,SP
J. CARVALHO + QUEIROZ LTDA,13207048001431,IRECE,BA
CERVEJARIA LEOPOLDINA LTDA,22226696000101,GARIBALDI,RS
IRMAOS MUFFATO CIA LTDA,76430438000171,CASCAVEL,PR
MARCIO JOSE NASCIMENTO DA SILVA,03399149000183,FORTALEZA,CE
INDUSTRIA DE MASSAS ALIMENTICIAS DE LTDA,48657860000129,VALINHOS,SP
INDUSTRIA DE ALIMENTOS ESPECIARIAS E CONDIMENTOS SM LTDA,06179494000108,MACAIBA,RN
INDUSTRIA E COMERCIO DE CONSERVAS UBATUBA LTDA,72747256000178,SAO PAULO,SP
"DUFROTA AGROPECUARIA, INDUSTRIA E COMERCIO LTDA",07236199000109,SAO LUIS DO CURU,CE
POLIVAL - COMERCIO DE OCULOS E ACESSORIOS LTDA,07579597000110,BARREIRAS,BA
INDUSTRIA DE POLPAS E CONSERVAS VAL LTDA,71841902000107,VISTA ALEGRE DO ALTO,SP
TOTALMIX INDUSTRIA E COMERCIO LTDA,11131609000205,SAO CARLOS DO IVAI,PR
DROGAO E FARMACIA MAGISTRAL LTDA,38668539000196,BAEPENDI,MG
FRIGORIFICO INDUSTRIAL VALE DO PIRANGA S/A,00763832000160,PONTE NOVA,MG
CRIA SIM PRODUTOS DE HIGIENE LTDA.,05975111000307,PAULINIA,SP
COLGATE PALMOLIVE INDUSTRIAL LTDA,03816532000190,SAO BERNARDO DO CAMPO,SP
PERFUMES DANA DO BRASIL S.A.,61105722000103,SAO PAULO,SP
BIFUM BRASIL ALIMENTOS LTDA,02137351000174,SUZANO,SP
DF BRASIL IND. E COM. DE PRODUTOS ALIMENTICIOS LTDA,02938592000112,BELO HORIZONTE,MG
INDUSTRIAS REUNIDAS CORINGA LTDA,12213443000140,ARAPIRACA,AL
BACARDI MARTINI DO BRASIL INDUSTRIA E COMERCIO LTDA,59104737000105,SAO PAULO,SP
QUEIJOS DOM AFONSO LTDA,18607519000106,FORTALEZA,CE
NUTRIMINAS COMERCIO E INDUSTRIA DE ALIMENTOS LTDA,11785595000154,SAO ROQUE,SP
RICLAN S.A.,56370364000118,RIO CLARO,SP
COBASI COMERCIO DE PROD BASICOS E INDUSTRIALIZADOS LTDA,53153938002402,SAO JOSE DOS CAMPOS,SP
BETANIA LACTEOS S.A.,10483444000189,FORTALEZA,CE
MAIRILEL COMERCIO DE MOVEIS LTDA,05705632000689,JUIZ DE FORA,MG
"M. G. A. IMPORTACAO, INDUSTRIA E COMERCIO DE ALIMENTOS LTDA.",60356037000189,BARUERI,SP
DISTRIBUIDORA DE BEBIDAS F. ANTONIO CHIAMULERA EIRELI,90586405000146,LAJEADO,RS
TORREFACAO E MOAGEM DE CAFE COLONIAL LTDA,75532341000107,BRUSQUE,SC
OCRIM S A PRODUTOS ALIMENTICIOS,61065199000473,BELEM,PA
FAMIGLIA ZANLORENZI LTDA,75802041000109,CAMPO LARGO,PR
MINALBA ALIMENTOS E BEBIDAS LTDA,54505052000149,FORTALEZA,CE
PANELACO ALIMENTOS LTDA,83067942000114,TURVO,SC
TIMKEN DO BRASIL COMERCIAL IMPORTADORA LTDA.,56990880000145,SAO PAULO,SP
NINFA INDUSTRIA DE ALIMENTOS LTDA,78099777000142,MEDIANEIRA,PR
ITAMBE ALIMENTOS S/A,16849231000104,BELO HORIZONTE,MG
COMPANHIA BRASILEIRA DE DISTRIBUICAO,47508411134004,FORTALEZA,CE
PASTIFICIO SELMI SA,46025722000100,SUMARE,SP
AVINE ALIMENTOS INDUSTRIALIZADOS LTDA,21191338000148,CASCAVEL,CE
INDUSTRIA DE LATICINIOS PALMEIRA DOS INDIOS S/A ILPISA,09342379000192,PALMEIRA DOS INDIOS,AL
KALUNGA COMERCIO E INDUSTRIA GRAFICA LTDA,43283811005623,SAO PAULO,SP
COTY BRASIL COMERCIO LTDA.,22137853000102,GOIANIA,GO
AIMER COSMETICOS EIRELI,05750272000122,CONTAGEM,MG
STELLA D'ORO ALIMENTOS LTDA,05117323000183,ITAPOLIS,SP
AVON INDUSTRIAL LTDA,00680516000124,SAO PAULO,SP
DROGA BORDINO & BORDINO LTDA,54499173000125,GUARULHOS,SP
BUNGE ALIMENTOS S/A,84046101000193,GASPAR,SC
RABBIT INDUSTRIA E COMERCIO DE PRODUTOS DE HIGIENE PESSOAL LTDA,00099817000169,LONDRINA,PR
ARTHUR LUNDGREN TECIDOS S A CASAS PERNAMBUCANAS,61099834031584,PIRAJU,SP
MEXICHEM BRASIL INDUSTRIA DE TRANSFORMACAO PLASTICA LTDA,58514928002037,JOINVILLE,SC
IRMAOS MOLON LTDA,88621586000152,SAO MARCOS,RS
COOPERATIVA TRITICOLA MISTA CAMPO NOVO LTDA,88094701002474,CAMPO NOVO,RS
INDUSTRIA MISSIATO DE BEBIDAS LTDA,02295098000187,JANDAIA DO SUL,PR
SILVA & SILVA FABRICA DE PIPOCAS LTDA,38989224000140,PIRACICABA,SP
GENERAL MILLS BRASIL ALIMENTOS LTDA.,61586558000195,PARANAVAI,PR
POLE ALIMENTOS LTDA,03282301000143,MARACANAU,CE
SINTER FUTURA LTDA,74222563000160,MONTE MOR,SP
KORIN AGROPECUARIA LTDA,00153705000149,SAO PAULO,SP
PROCOSA PRODUTOS DE BELEZA LTDA,33306929000445,RIO DE JANEIRO,RJ
DM - INDUSTRIAL E COMERCIAL LTDA.,02948769000161,ITUPEVA,SP
INTERBELLE COMERCIO DE PRODUTOS DE BELEZA LTDA,11137051019529,FORTALEZA,CE
ALENICE INDUSTRIA TEXTIL LTDA.,86837366000135,GUARAMIRIM,SC
BARILLA DO BRASIL LTDA.,02195380000192,SAO PAULO,SP
MARIA CELIA OLIVEIRA DE ALMEIDA,01554908000100,MACEIO,AL
SUPERMERCADO BEM BOM LTDA,32994790000164,VARZEA GRANDE,MT
PREDILETO ALIMENTOS S/A,32110314000214,SAO PAULO,SP
INDUSTRIA E COMERCIO CAFE FLORESTA S/A,45046703000199,SANTOS,SP
"FUKUHARA, HONDA & CIA. LTDA.",55335939000280,PRESIDENTE PRUDENTE,SP
PINGO COSMETICOS INDUSTRIA E COMERCIO LTDA,04281067000100,NOSSA SENHORA DO SOCORRO,SE
RB DE GARCA - COMERCIO E INDUSTRIA DE ALIMENTOS EIRELI,69328912000193,GARCA,SP
TREVO LACTEOS S.A.,04892455000110,SETE LAGOAS,MG
CILASI ALIMENTOS S/A,60618436000170,SAO PAULO,SP
BAGGIO COFFEES EXPORTACAO LTDA,07584456000195,ARARAS,SP
MARTINS COMERCIO E SERVICOS DE DISTRIBUICAO S/A,43214055000107,UBERLANDIA,MG
LUA NOVA IND E COMERCIO DE PRODUTOS ALIMENTICIOS LTDA,62461140000114,SAO PAULO,SP
A. GRINGS S.A.,97755177000130,IGREJINHA,RS
CAIXA ECONOMICA FEDERAL,00360305027908,AMPARO,SP
DESTROYER BEER CERVEJARIA EIRELI,21311033000122,CRICIUMA,SC
CAFE PACAEMBU LTDA,72861461000160,VARGEM GRANDE DO SUL,SP
NISSIN FOODS DO BRASIL LTDA,60945169001037,IBIUNA,SP
FARMACIA MAJESTIC EIRELI,71669766000101,SAO ROQUE,SP
FORNO DE MINAS ALIMENTOS S/A,03870455000156,CONCEICAO DO PARA,MG
VIDAVEG LTDA,22310186000118,LAVRAS,MG
