id,sku,price,description,url,url_pic
133618701,133618710,1614.99,"Notebook Samsung Essentials E20 Intel Celeron Dual Core 4GB 500GB Tela LED HD 15,6&quot; Windows 10 - Cinza Titânio",https://www.americanas.com.br/produto/133618701/notebook-samsung-essentials-e20-intel-celeron-dual-core-4gb-500gb-tela-led-hd-15-6-windows-10-cinza-titanio,https://images-americanas.b2w.io/produtos/01/00/offers/01/00/item/133618/7/133618701SZ.png
133280747,133280755,2616.99,Notebook Dell Inspiron i15-3567-A30P Intel Core 7ª i5 4GB 1TB Tela LED 15.6&quot; Windows 10 - Preto,https://www.americanas.com.br/produto/133280747/notebook-dell-inspiron-i15-3567-a30p-intel-core-7-i5-4gb-1tb-tela-led-15.6-windows-10-preto,https://images-americanas.b2w.io/produtos/01/00/offers/01/00/item/133280/7/133280747SZ.jpg
133437741,133437759,1999.99,"Notebook Dell Inspiron I15-3567-D10P Intel Core i3 4GB 1TB Tela LED 15,6&quot; Linux - Preto",https://www.americanas.com.br/produto/133437741/notebook-dell-inspiron-i15-3567-d10p-intel-core-i3-4gb-1tb-tela-led-15-6-linux-preto,https://images-americanas.b2w.io/produtos/01/00/item/133437/7/133437741SZ.jpg
132897606,132897614,979.99,Notebook Positivo Motion Q232A Intel Atom Quad Core 2GB 32GB SSD Tela LCD 14&quot; Windows 10 - Vermelho,https://www.americanas.com.br/produto/132897606/notebook-positivo-motion-q232a-intel-atom-quad-core-2gb-32gb-ssd-tela-lcd-14-windows-10-vermelho,https://images-americanas.b2w.io/produtos/01/00/item/132897/6/132897606SZ.jpg
133794107,133794115,2008.99,Notebook Samsung Essentials E30 Intel Core I3 4GB 1TB LED Full HD 15.6&#039;&#039; W10  Ônix - Branco,https://www.americanas.com.br/produto/133794107/notebook-samsung-essentials-e30-intel-core-i3-4gb-1tb-led-full-hd-15.6-w10-onix-branco,https://images-americanas.b2w.io/produtos/01/00/item/133794/1/133794107SZ.jpg
133276561,133276570,2178.99,"Notebook Dell Inspiron I15-3567-A10P Intel Core 6ª i3 4GB 1TB Tela LED 15,6&quot; Windows 10 - Preto",https://www.americanas.com.br/produto/133276561/notebook-dell-inspiron-i15-3567-a10p-intel-core-6-i3-4gb-1tb-tela-led-15-6-windows-10-preto,https://images-americanas.b2w.io/produtos/01/00/offers/01/00/item/133276/5/133276561SZ.jpg
134117343,134117351,1499.99,"Notebook Positivo Motion I34500AI-15 Intel Core i3 4GB 500GB Tela HD 15,6&quot; Linux - Prata",https://www.americanas.com.br/produto/134117343/notebook-positivo-motion-i34500ai-15-intel-core-i3-4gb-500gb-tela-hd-15-6-linux-prata,https://images-americanas.b2w.io/produtos/01/00/offers/01/00/item/134117/3/134117343SZ.jpg
133775934,133775942,2638,Notebook Lenovo Ideapad 330 Intel Core i5-8250u 8GB 1TB  Tela HD 15.6&quot;  Windows 10 - Prata,https://www.americanas.com.br/produto/133775934/notebook-lenovo-ideapad-330-intel-core-i5-8250u-8gb-1tb-tela-hd-15.6-windows-10-prata,https://images-americanas.b2w.io/produtos/01/00/item/133775/9/133775934SZ.jpg
132620906,132620914,2878.99,Notebook Acer A515-51G-58VH Intel Core I5 8GB (GeForce 940MX com 2GB) 1TB  Tela LED 15.6&quot; Windows 10 - Preto,https://www.americanas.com.br/produto/132620906/notebook-acer-a515-51g-58vh-intel-core-i5-8gb-geforce-940mx-com-2gb-1tb-tela-led-15.6-windows-10-preto,https://images-americanas.b2w.io/produtos/01/00/offers/01/00/item/132620/9/132620906SZ.png
134118928,134118936,1989.99,Notebook Lenovo Ideapad 330 Intel Core i3 4GB 1TB HD Tela 15.6&quot; Windows 10 - Prata,https://www.americanas.com.br/produto/134118928/notebook-lenovo-ideapad-330-intel-core-i3-4gb-1tb-hd-tela-15.6-windows-10-prata,https://images-americanas.b2w.io/produtos/01/00/offers/01/00/item/134118/9/134118928SZ.jpg
132532922,132532931,1633.99,"Notebook Asus Vivobook Max X541NA-GO473T Intel Celeron Quad Core 4GB 500GB Tela LED 15,6&quot; Windows 10 - Preto",https://www.americanas.com.br/produto/132532922/notebook-asus-vivobook-max-x541na-go473t-intel-celeron-quad-core-4gb-500gb-tela-led-15-6-windows-10-preto,https://images-americanas.b2w.io/produtos/01/00/item/132532/9/132532922SZ.jpg
132763860,132763878,1988.99,Notebook Lenovo Ideapad 320 Intel® Core i3 4GB 500GB Tela 14&#039;&#039; HD Antireflexo Windows 10 - Branco,https://www.americanas.com.br/produto/132763860/notebook-lenovo-ideapad-320-intel-core-i3-4gb-500gb-tela-14-hd-antireflexo-windows-10-branco,https://images-americanas.b2w.io/produtos/01/00/item/132763/8/132763860SZ.jpg
133621821,133621839,2795.99,"Notebook Samsung Expert X40 intel Core 8ª i5 Quad Core 8GB (GeForce MX110 com 2GB) 1TB Tela LED HD 15,6&quot; Windows 10 - Cinza Titânio",https://www.americanas.com.br/produto/133621821/notebook-samsung-expert-x40-intel-core-8-i5-quad-core-8gb-geforce-mx110-com-2gb-1tb-tela-led-hd-15-6-windows-10-cinza-titanio,https://images-americanas.b2w.io/produtos/01/00/item/133621/8/133621821SZ.jpg
133621767,133621775,2598.99,"Notebook Samsung Expert X30 intel Core 8ª i5 Quad Core 8GB 1TB Tela LED HD 15,6&quot; Windows 10 - Branco Ônix",https://www.americanas.com.br/produto/133621767/notebook-samsung-expert-x30-intel-core-8-i5-quad-core-8gb-1tb-tela-led-hd-15-6-windows-10-branco-onix,https://images-americanas.b2w.io/produtos/01/00/offers/01/00/item/133621/7/133621767SZ.png
133359703,133359711,967.99,Notebook Positivo Motion Q232A Intel Atom 2GB SSD 32GB Tela LCD 14&quot; Windows 10 Home - Prata,https://www.americanas.com.br/produto/133359703/notebook-positivo-motion-q232a-intel-atom-2gb-ssd-32gb-tela-lcd-14-windows-10-home-prata,https://images-americanas.b2w.io/produtos/01/00/item/133359/7/133359703SZ.jpg
133621741,133621759,1610.09,"Notebook Samsung Essentials E20 intel Dual Core 7ª 4GB 500GB Tela LED HD 15,6&quot; Windows 10 - Branco Ônix",https://www.americanas.com.br/produto/133621741/notebook-samsung-essentials-e20-intel-dual-core-7-4gb-500gb-tela-led-hd-15-6-windows-10-branco-onix,https://images-americanas.b2w.io/produtos/01/00/item/133621/7/133621741SZ.jpg
133222715,133222723,2099.99,Notebook VAIO C14 VJC141F11X Intel Core i3 4GB 128SSD Tela LCD 14&quot; Windows 10 - Azul,https://www.americanas.com.br/produto/133222715/notebook-vaio-c14-vjc141f11x-intel-core-i3-4gb-128ssd-tela-lcd-14-windows-10-azul,https://images-americanas.b2w.io/produtos/01/00/item/133222/7/133222715SZ.jpg
134118961,134118979,2339.99,Notebook Lenovo Ideapad 330 8ª Intel Core i5 4GB 1TB Tela 15.6&quot; HD Windows - Branco,https://www.americanas.com.br/produto/134118961/notebook-lenovo-ideapad-330-8-intel-core-i5-4gb-1tb-tela-15.6-hd-windows-branco,https://images-americanas.b2w.io/produtos/01/00/offers/01/00/item/134118/9/134118961_1GG.jpg
134117845,134117853,1199.99,Notebook Positivo Motion C4500AI Intel Celeron 4GB 500GB Tela HD 14&quot; Linux - Prata,https://www.americanas.com.br/produto/134117845/notebook-positivo-motion-c4500ai-intel-celeron-4gb-500gb-tela-hd-14-linux-prata,https://images-americanas.b2w.io/produtos/01/00/offers/01/00/item/134117/8/134117845SZ.jpg
133621847,133621855,2788.99,"Notebook Samsung Expert X40 intel Core 8ª i5 Quad Core 8GB (GeForce MX110 com 2GB) 1TB Tela LED HD 15,6&quot; Windows 10 - Branco Ônix",https://www.americanas.com.br/produto/133621847/notebook-samsung-expert-x40-intel-core-8-i5-quad-core-8gb-geforce-mx110-com-2gb-1tb-tela-led-hd-15-6-windows-10-branco-onix,https://images-americanas.b2w.io/produtos/01/00/item/133621/8/133621847SZ.jpg
133771642,133771651,3099.99,Notebook Acer A515-51-75RV Intel Core i7-7500u 8GB 1TB Tela LED 15.6&quot; Windows 10  - Cinza,https://www.americanas.com.br/produto/133771642/notebook-acer-a515-51-75rv-intel-core-i7-7500u-8gb-1tb-tela-led-15.6-windows-10-cinza,https://images-americanas.b2w.io/produtos/01/00/offers/01/00/item/133771/6/133771642SZ.png
133257993,133258005,1128.99,"Notebook 2 em 1 Duo Positivo Q432A Intel Quad Core 4GB 32GB SSD Tela 11,6&quot; Windows 10 - Cinza",https://www.americanas.com.br/produto/133257993/notebook-2-em-1-duo-positivo-q432a-intel-quad-core-4gb-32gb-ssd-tela-11-6-windows-10-cinza,https://images-americanas.b2w.io/produtos/01/00/item/133257/9/133257993SZ.jpg
133775918,133775926,1806.99,Notebook Lenovo Ideapad 330 Intel Celeron 4GB 1TB Tela HD 15.6&quot; Windows 10 - Preto,https://www.americanas.com.br/produto/133775918/notebook-lenovo-ideapad-330-intel-celeron-4gb-1tb-tela-hd-15.6-windows-10-preto,https://images-americanas.b2w.io/produtos/01/00/item/133775/9/133775918SZ.jpg
134117167,134117175,3198.99,"Notebook Samsung Expert VF3BR Intel Core i7 8GB (Geforce MX110 com 2GB) 1TB Tela LED 15,6&quot; Windows 10 - Cinza",https://www.americanas.com.br/produto/134117167/notebook-samsung-expert-vf3br-intel-core-i7-8gb-geforce-mx110-com-2gb-1tb-tela-led-15-6-windows-10-cinza,https://images-americanas.b2w.io/produtos/01/00/offers/01/00/item/134117/1/134117167SZ.jpg
133621783,133621791,2628.99,"Notebook Samsung Expert X30 intel Core 8ª i5 Quad Core 8GB 1TB Tela LED HD 15,6&quot;  Windows 10 - Cinza Titânio",https://www.americanas.com.br/produto/133621783/notebook-samsung-expert-x30-intel-core-8-i5-quad-core-8gb-1tb-tela-led-hd-15-6-windows-10-cinza-titanio,https://images-americanas.b2w.io/produtos/01/00/offers/01/00/item/133621/7/133621783SZ.png
133621863,133621871,2461.99,"Notebook Samsung Expert X20 intel Core 8ª i5 Quad Core 4GB 1TB Tela LED FULL HD 15,6&quot; Windows 10 - Cinza Titânio",https://www.americanas.com.br/produto/133621863/notebook-samsung-expert-x20-intel-core-8-i5-quad-core-4gb-1tb-tela-led-full-hd-15-6-windows-10-cinza-titanio,https://images-americanas.b2w.io/produtos/01/00/item/133621/8/133621863SZ.jpg
132238643,132238651,1149.99,Notebook Positivo Stilo One XC3630 Intel Celeron Dual Core 4GB 32GB Tela LED 14&quot; Windows 10 - Cinza Escuro,https://www.americanas.com.br/produto/132238643/notebook-positivo-stilo-one-xc3630-intel-celeron-dual-core-4gb-32gb-tela-led-14-windows-10-cinza-escuro,https://images-americanas.b2w.io/produtos/01/00/item/132238/6/132238643SZ.jpg
134161854,134161862,1975.99,Notebook Acer E5-553G-T4TJ AMD Quad-core A10 4GB (AMD Radeon R7 M440 com 2GB) 1TB Tela 15.6&quot; LED HD  Windows 10 - Branco,https://www.americanas.com.br/produto/134161854/notebook-acer-e5-553g-t4tj-amd-quad-core-a10-4gb-amd-radeon-r7-m440-com-2gb-1tb-tela-15.6-led-hd-windows-10-branco,https://images-americanas.b2w.io/produtos/01/00/offers/01/00/item/134161/8/134161854SZ.jpg
133664741,133664759,3434.99,Notebook Samsung Expert X50 Intel Core i7 8GB (GeForce MX110 com 2GB) 1TB Tela LED Full HD 15.6&#039;&#039; Windows 10 - Cinza Titânio,https://www.americanas.com.br/produto/133664741/notebook-samsung-expert-x50-intel-core-i7-8gb-geforce-mx110-com-2gb-1tb-tela-led-full-hd-15.6-windows-10-cinza-titanio,https://images-americanas.b2w.io/produtos/01/00/item/133664/7/133664741SZ.jpg
133504704,133504712,4142.99,Notebook Samsung Odyssey Intel Core 7ª i5 8GB (GeForce GTX 1050 com 4GB) 1TB Tela LED Full HD 15.6&#039;&#039; Windows 10 - Preto,https://www.americanas.com.br/produto/133504704/notebook-samsung-odyssey-intel-core-7-i5-8gb-geforce-gtx-1050-com-4gb-1tb-tela-led-full-hd-15.6-windows-10-preto,https://images-americanas.b2w.io/produtos/01/00/item/133504/7/133504704SZ.jpg
133280763,133280771,5182.99,"Notebook Dell Ultrafino I15-7572-A30C Intel Core i7 16GB (GeForce MX150 com 4GB) 1TB 128GB SSD Tela Full HD 15,6&quot; Windows 10 - Cinza",https://www.americanas.com.br/produto/133280763/notebook-dell-ultrafino-i15-7572-a30c-intel-core-i7-16gb-geforce-mx150-com-4gb-1tb-128gb-ssd-tela-full-hd-15-6-windows-10-cinza,https://images-americanas.b2w.io/produtos/01/00/offers/01/00/item/133280/7/133280763SZ.png
133154724,133154732,2849.99,"Notebook Fit 15S B0211B Intel Core I5 8GB 1TB LCD 15,6&#039;&#039; W10 Chumbo - VAIO",https://www.americanas.com.br/produto/133154724/notebook-fit-15s-b0211b-intel-core-i5-8gb-1tb-lcd-15-6-w10-chumbo-vaio,https://images-americanas.b2w.io/produtos/01/00/offers/01/00/item/133154/7/133154724SZ.jpg
133283729,133283737,2459.99,"Notebook Asus Vivobook X510UA-BR665T Intel Core i5 4GB 1TB Tela 15,6&#039;&#039; Windows 10 Home - Cinza",https://www.americanas.com.br/produto/133283729/notebook-asus-vivobook-x510ua-br665t-intel-core-i5-4gb-1tb-tela-15-6-windows-10-home-cinza,https://images-americanas.b2w.io/produtos/01/00/item/133283/7/133283729SZ.jpg
133282769,133282777,2533.99,"Notebook Asus Vivobook X510UA-BR666T Intel Core i5 4GB 1TB Tela 15,6&#039;&#039; Windows 10 Home - Vermelho",https://www.americanas.com.br/produto/133282769/notebook-asus-vivobook-x510ua-br666t-intel-core-i5-4gb-1tb-tela-15-6-windows-10-home-vermelho,https://images-americanas.b2w.io/produtos/01/00/item/133282/7/133282769SZ.jpg
133283702,133283711,2830.99,"Notebook Asus Vivobook X510UA-BR667T Intel Core i5 8GB 1TB Tela 15,6&#039;&#039; Windows 10 Home - Cinza",https://www.americanas.com.br/produto/133283702/notebook-asus-vivobook-x510ua-br667t-intel-core-i5-8gb-1tb-tela-15-6-windows-10-home-cinza,https://images-americanas.b2w.io/produtos/01/00/item/133283/7/133283702SZ.jpg
133818703,133818711,1099.99,Notebook Multilaser Legacy PC209 Intel Celeron 4GB 32SSD Tela Full HD 14&quot;  Windows 10 Pro - Preto,https://www.americanas.com.br/produto/133818703/notebook-multilaser-legacy-pc209-intel-celeron-4gb-32ssd-tela-full-hd-14-windows-10-pro-preto,https://images-americanas.b2w.io/produtos/01/00/item/133818/7/133818703SZ.jpg
133276588,133276596,2698.99,"Notebook Dell Inspiron i15-3567-A30C Intel Core 7ª i5 4GB 1TB Tela LED 15,6&quot; Windows 10 - Cinza",https://www.americanas.com.br/produto/133276588/notebook-dell-inspiron-i15-3567-a30c-intel-core-7-i5-4gb-1tb-tela-led-15-6-windows-10-cinza,https://images-americanas.b2w.io/produtos/01/00/offers/01/00/item/133276/5/133276588SZ.jpg
133787741,133787759,3099.99,"Notebook Lenovo Ideapad 330 Intel Core i5-8250u 8GB (Geforce MX150 com 2GB)  1TB Tela HD 15,6&quot; Windows 10 - Prata",https://www.americanas.com.br/produto/133787741/notebook-lenovo-ideapad-330-intel-core-i5-8250u-8gb-geforce-mx150-com-2gb-1tb-tela-hd-15-6-windows-10-prata,https://images-americanas.b2w.io/produtos/01/00/offers/01/00/item/133787/7/133787741SZ.png
132238601,132238619,1799.99,Notebook Positivo Stilo XC7660 Intel Core i3 4GB 1TB Tela LED 14&quot; Windows 10 - Cinza Escuro,https://www.americanas.com.br/produto/132238601/notebook-positivo-stilo-xc7660-intel-core-i3-4gb-1tb-tela-led-14-windows-10-cinza-escuro,https://images-americanas.b2w.io/produtos/01/00/item/132238/6/132238601SZ.jpg
133068703,133068711,4056.99,Notebook Acer A515-51G-70PU Intel Core i7 20GB (GeForce 940MX com 2GB) 2TB Tela LED FULL HD 15.6&quot; Windows 10 - Cinza escuro,https://www.americanas.com.br/produto/133068703/notebook-acer-a515-51g-70pu-intel-core-i7-20gb-geforce-940mx-com-2gb-2tb-tela-led-full-hd-15.6-windows-10-cinza-escuro,https://images-americanas.b2w.io/produtos/01/00/offers/01/00/item/133068/7/133068703SZ.jpg
133774026,133774034,3319.99,Notebook Lenovo Ideapad 330 Intel Core i7-8550u 8GB (Geforce MX150 com 2GB) 1TB  Tela Full HD 15.6&quot; Windows 10 - Prata,https://www.americanas.com.br/produto/133774026/notebook-lenovo-ideapad-330-intel-core-i7-8550u-8gb-geforce-mx150-com-2gb-1tb-tela-full-hd-15.6-windows-10-prata,https://images-americanas.b2w.io/produtos/01/00/offers/01/00/item/133774/0/133774026SZ.png
132381407,132381415,2978.99,Notebook Lenovo 2 em 1 Yoga 520 Intel Core i5-7200U 4GB 1TB Tela 14&quot; Windows 10 - Platinum,https://www.americanas.com.br/produto/132381407/notebook-lenovo-2-em-1-yoga-520-intel-core-i5-7200u-4gb-1tb-tela-14-windows-10-platinum,https://images-americanas.b2w.io/produtos/01/00/item/132381/4/132381407SZ.jpg
132533028,132533036,2180.99,"Notebook Asus Vivobook Max X541UA-GO1986T Intel Core i3 4GB 1TB Tela LED 15,6&quot; Audio 3W/Canal Windows 10 - Preto",https://www.americanas.com.br/produto/132533028/notebook-asus-vivobook-max-x541ua-go1986t-intel-core-i3-4gb-1tb-tela-led-15-6-audio-3w-canal-windows-10-preto,https://images-americanas.b2w.io/produtos/01/00/item/132533/0/132533028SZ.jpg
134200315,134200315,2099.99,"Notebook Flash F30 Intel Celeron 4GB 64GB SSD Full HD 13.3&quot; W10  Cinza - Samsung + Microsoft Office 365 Home - 2019: 6 Licenças &#039;PC, Mac, Android e IOS&#039;",https://www.americanas.com.br/produto/134200315/notebook-flash-f30-intel-celeron-4gb-64gb-ssd-full-hd-13.3-w10-cinza-samsung-microsoft-office-365-home-2019-6-licencas-pc-mac-android-e-ios-,https://images-americanas.b2w.io/produtos/01/00/offers/01/00/item/134200/3/134200315SZ.jpg
133253706,133253714,2589.99,"Notebook VAIO Fit 15S B0811B Intel Core i5 4GB 1TB Tela LCD 15,6&quot; Windows 10 - Chumbo",https://www.americanas.com.br/produto/133253706/notebook-vaio-fit-15s-b0811b-intel-core-i5-4gb-1tb-tela-lcd-15-6-windows-10-chumbo,https://images-americanas.b2w.io/produtos/01/00/item/133253/7/133253706SZ.jpg
134155180,134155198,1899.99,Notebook Presario CQ21N Intel Core i3 4GB 120GB SSD W10 14&quot; Preto - Compaq,https://www.americanas.com.br/produto/134155180/notebook-presario-cq21n-intel-core-i3-4gb-120gb-ssd-w10-14-preto-compaq,https://images-americanas.b2w.io/produtos/01/00/offers/01/00/item/134155/1/134155180SZ.jpg
133408093,133408106,5257.99,"Notebook Dell Inspiron I15-7572-A30S Intel Core 8ª i7 16GB (GeForce MX150 com 4GB) 1TB 128GB SSD Tela Full HD 15,6&quot; Windows 10 - Prata",https://www.americanas.com.br/produto/133408093/notebook-dell-inspiron-i15-7572-a30s-intel-core-8-i7-16gb-geforce-mx150-com-4gb-1tb-128gb-ssd-tela-full-hd-15-6-windows-10-prata,https://images-americanas.b2w.io/produtos/01/00/offers/01/00/item/133408/0/133408093SZ.jpg
132729717,132729725,3219.99,"Notebook Fit 15S B0311B Intel Core I7 8GB 1TB HD 15,6&#039;&#039; W10 Chumbo - VAIO",https://www.americanas.com.br/produto/132729717/notebook-fit-15s-b0311b-intel-core-i7-8gb-1tb-hd-15-6-w10-chumbo-vaio,https://images-americanas.b2w.io/produtos/01/00/offers/01/00/item/132729/7/132729717SZ.jpg
133437708,133437716,3590.99,"Notebook Dell Inspiron I15-3567-A50P Intel Core i7 8GB 2TB Tela LED 15,6&quot; Windows 10 - Preto",https://www.americanas.com.br/produto/133437708/notebook-dell-inspiron-i15-3567-a50p-intel-core-i7-8gb-2tb-tela-led-15-6-windows-10-preto,https://images-americanas.b2w.io/produtos/01/00/item/133437/7/133437708SZ.jpg
133282726,133282734,3699.99,"Notebook Asus Vivobook X510UR-BQ292T Intel Core i7 8GB (GeForce 930MX DE 2 GB) 1TB Tela 15,6&#039;&#039; Windows 10 Home - Cinza",https://www.americanas.com.br/produto/133282726/notebook-asus-vivobook-x510ur-bq292t-intel-core-i7-8gb-geforce-930mx-de-2-gb-1tb-tela-15-6-windows-10-home-cinza,https://images-americanas.b2w.io/produtos/01/00/item/133282/7/133282726SZ.jpg
133667722,133667731,3755.99,"Notebook Dell I15-3576-A70C Intel Core 8ª i7 8GB (AMD Radeon 520 com 2GB) 2TB Tela LED 15,6&quot; Windows 10 - Cinza",https://www.americanas.com.br/produto/133667722/notebook-dell-i15-3576-a70c-intel-core-8-i7-8gb-amd-radeon-520-com-2gb-2tb-tela-led-15-6-windows-10-cinza,https://images-americanas.b2w.io/produtos/01/00/item/133667/7/133667722SZ.jpg
132491366,132491374,2013.99,Notebook Positivo Stilo XCI8660 Intel Core i5 4GB 1TB Tela  LCD 14&quot; Linux - Cinza Escuro,https://www.americanas.com.br/produto/132491366/notebook-positivo-stilo-xci8660-intel-core-i5-4gb-1tb-tela-lcd-14-linux-cinza-escuro,https://images-americanas.b2w.io/produtos/01/00/item/132491/3/132491366SZ.jpg
132531532,132531541,2189.99,"Notebook Asus Vivobook Max X541UA-GO1987T Intel Core i3 4GB 1TB Tela LED 15,6&quot; Windows 10 - Branco",https://www.americanas.com.br/produto/132531532/notebook-asus-vivobook-max-x541ua-go1987t-intel-core-i3-4gb-1tb-tela-led-15-6-windows-10-branco,https://images-americanas.b2w.io/produtos/01/00/item/132531/5/132531532SZ.jpg
133252789,133252797,2529.99,"Notebook VAIO Fit 15S B1211B Intel Core i5 4GB 128SSD Tela LCD 15,6&quot; Windows 10 - Chumbo",https://www.americanas.com.br/produto/133252789/notebook-vaio-fit-15s-b1211b-intel-core-i5-4gb-128ssd-tela-lcd-15-6-windows-10-chumbo,https://images-americanas.b2w.io/produtos/01/00/item/133252/7/133252789SZ.jpg
133719781,133719799,5477.99,"Notebook Dell Gaming G3 3579-A30P Intel Core 8ª i7 16GB (GeForce GTX 1050TI com 4GB) 1TB Tela 15,6&quot; Full HD Windows 10 - Preto",https://www.americanas.com.br/produto/133719781/notebook-dell-gaming-g3-3579-a30p-intel-core-8-i7-16gb-geforce-gtx-1050ti-com-4gb-1tb-tela-15-6-full-hd-windows-10-preto,https://images-americanas.b2w.io/produtos/01/00/offers/01/00/item/133719/7/133719781SZ.png
132164795,,,Notebook Samsung Essentials E34 Intel Core i3 4GB 1TB Tela LED FULL HD 15.6&quot; Windows 10 - Preto,https://www.americanas.com.br/produto/132164795/notebook-samsung-essentials-e34-intel-core-i3-4gb-1tb-tela-led-full-hd-15.6-windows-10-preto,https://images-americanas.b2w.io/produtos/01/00/item/132164/7/132164795SZ.jpg
132260681,,,"Notebook Samsung Expert X22 Intel Core 7 i5 8GB 1TB Tela LED 15,6&quot; Windows 10 - Branco",https://www.americanas.com.br/produto/132260681/notebook-samsung-expert-x22-intel-core-7-i5-8gb-1tb-tela-led-15-6-windows-10-branco,https://images-americanas.b2w.io/produtos/01/00/item/132260/6/132260681SZ.jpg
133252800,133252818,3019.99,"Notebook VAIO Fit 15S B5511B Intel Core i7 4GB 128SSD Tela LCD  15,6&quot; Windows 10 - Chumbo",https://www.americanas.com.br/produto/133252800/notebook-vaio-fit-15s-b5511b-intel-core-i7-4gb-128ssd-tela-lcd-15-6-windows-10-chumbo,https://images-americanas.b2w.io/produtos/01/00/item/133252/8/133252800SZ.jpg
133332789,133332797,4488.99,Notebook Dell Inspiron I14-7472-A20S Intel Core 8ª i7 8GB (GeForce MX150 com 4GB) 1TB Tela Full HD 14&quot; Windows 10 - Prata,https://www.americanas.com.br/produto/133332789/notebook-dell-inspiron-i14-7472-a20s-intel-core-8-i7-8gb-geforce-mx150-com-4gb-1tb-tela-full-hd-14-windows-10-prata,https://images-americanas.b2w.io/produtos/01/00/item/133332/7/133332789SZ.jpg
133728134,133728142,7799.99,Notebook Samsung Style S51 Pro Intel Core i7 16GB (GeForce MX150 com 2GB) 256GB SSD Tela Full HD LED 15&#039;&#039; Windows 10 - Prata,https://www.americanas.com.br/produto/133728134/notebook-samsung-style-s51-pro-intel-core-i7-16gb-geforce-mx150-com-2gb-256gb-ssd-tela-full-hd-led-15-windows-10-prata,https://images-americanas.b2w.io/produtos/01/00/item/133728/1/133728134SZ.jpg
133710305,133710313,7110.99,"Notebook Dell Gaming G7 7588-A40P Intel Core 8º i7 16GB (GeForce GTX 1060 6GB) 1TB 256GB SSD Tela Full HD 15,6&quot; Windows 10 - Preto",https://www.americanas.com.br/produto/133710305/notebook-dell-gaming-g7-7588-a40p-intel-core-8-i7-16gb-geforce-gtx-1060-6gb-1tb-256gb-ssd-tela-full-hd-15-6-windows-10-preto,https://images-americanas.b2w.io/produtos/01/00/item/133710/3/133710305SZ.jpg
134110862,134110871,2549.99,Notebook 2 em 1 Acer Spin 3 SP314-51-31RV 7ª Intel Core i3 4GB 1TB Tela LED 14&quot; Touch Windows 10 - Cinza,https://www.americanas.com.br/produto/134110862/notebook-2-em-1-acer-spin-3-sp314-51-31rv-7-intel-core-i3-4gb-1tb-tela-led-14-touch-windows-10-cinza,https://images-americanas.b2w.io/produtos/01/00/offers/01/00/item/134110/8/134110862_1GG.jpg
132447736,,,Notebook Positivo Stilo One XC3550 Intel Atom 2GB 32GB Tela LCD 14&quot; Windows 10 - Cinza Escuro,https://www.americanas.com.br/produto/132447736/notebook-positivo-stilo-one-xc3550-intel-atom-2gb-32gb-tela-lcd-14-windows-10-cinza-escuro,https://images-americanas.b2w.io/produtos/01/00/item/132447/7/132447736SZ.jpg
133710866,133710874,4638.99,"Notebook Dell Gaming G7 7588-A10B Intel Core 8º i5 8GB (GeForce GTX 1050TI com 4GB) 1TB Tela Full HD 15,6&quot; Windows 10 - Branco",https://www.americanas.com.br/produto/133710866/notebook-dell-gaming-g7-7588-a10b-intel-core-8-i5-8gb-geforce-gtx-1050ti-com-4gb-1tb-tela-full-hd-15-6-windows-10-branco,https://images-americanas.b2w.io/produtos/01/00/item/133710/8/133710866SZ.jpg
133558702,133558711,5981.99,"Notebook LG Gram Intel Core 8ª i7 8GB 256GB SSD Tela Full HD 15,6&quot; Windows 10 - Branco",https://www.americanas.com.br/produto/133558702/notebook-lg-gram-intel-core-8-i7-8gb-256gb-ssd-tela-full-hd-15-6-windows-10-branco,https://images-americanas.b2w.io/produtos/01/00/item/133558/7/133558702SZ.jpg
133257387,133257395,3069.99,"Notebook Vaio Fit 15S B5411B Intel Core i7 4GB 1TB Tela LCD 15,6&quot; Windows 10 - Chumbo",https://www.americanas.com.br/produto/133257387/notebook-vaio-fit-15s-b5411b-intel-core-i7-4gb-1tb-tela-lcd-15-6-windows-10-chumbo,https://images-americanas.b2w.io/produtos/01/00/item/133257/3/133257387SZ.jpg
133437783,133437791,4199.99,"Notebook Dell Inspiron I15-5570-B30B Intel Core i7 8GB (AMD Radeon 530 com 4GB) 1TB Tela 15,6&quot; Windows 10 - Branco",https://www.americanas.com.br/produto/133437783/notebook-dell-inspiron-i15-5570-b30b-intel-core-i7-8gb-amd-radeon-530-com-4gb-1tb-tela-15-6-windows-10-branco,https://images-americanas.b2w.io/produtos/01/00/item/133437/7/133437783SZ.jpg
133710284,133710292,6988.99,"Notebook Dell Gaming G7 7588-A40B Intel Core 8º i7 16GB (GeForce GTX 1060 6GB) 1TB 256GB SSD Tela Full HD 15,6&quot; Windows 10 - Branco",https://www.americanas.com.br/produto/133710284/notebook-dell-gaming-g7-7588-a40b-intel-core-8-i7-16gb-geforce-gtx-1060-6gb-1tb-256gb-ssd-tela-full-hd-15-6-windows-10-branco,https://images-americanas.b2w.io/produtos/01/00/item/133710/2/133710284SZ.jpg
133281820,133281838,4595.99,Notebook 2 em 1 Dell Inspiron I13-5378-B30C Intel Core i7 8GB 1TB Tela Full HD 13&quot; Touch Windows 10 - Cinza,https://www.americanas.com.br/produto/133281820/notebook-2-em-1-dell-inspiron-i13-5378-b30c-intel-core-i7-8gb-1tb-tela-full-hd-13-touch-windows-10-cinza,https://images-americanas.b2w.io/produtos/01/00/item/133281/8/133281820SZ.jpg
132381423,132381431,3898.99,Notebook Lenovo 2 em 1 Yoga 520 Intel Core i7 8GB 1TB Tela 14&quot; Windows 10 - Platinum,https://www.americanas.com.br/produto/132381423/notebook-lenovo-2-em-1-yoga-520-intel-core-i7-8gb-1tb-tela-14-windows-10-platinum,https://images-americanas.b2w.io/produtos/01/00/item/132381/4/132381423SZ.jpg
133319701,133319710,5899.99,Notebook Samsung Odyssey Intel Core 7ª i7 16GB (GeForce GTX 1060 com 6GB) 1TB Tela LED Full HD 15.6&#039;&#039; Windows 10 - Preto,https://www.americanas.com.br/produto/133319701/notebook-samsung-odyssey-intel-core-7-i7-16gb-geforce-gtx-1060-com-6gb-1tb-tela-led-full-hd-15.6-windows-10-preto,https://images-americanas.b2w.io/produtos/01/00/item/133319/7/133319701SZ.jpg
132165747,,,Notebook Samsung Essentials E21 Intel Celeron Dual Core 4GB 500GB Tela LED FULL HD 15.6&quot; Windows 10 - Branco,https://www.americanas.com.br/produto/132165747/notebook-samsung-essentials-e21-intel-celeron-dual-core-4gb-500gb-tela-led-full-hd-15.6-windows-10-branco,https://images-americanas.b2w.io/produtos/01/00/item/132165/7/132165747SZ.jpg
133659706,133659714,4488.99,Notebook Dell Inspiron I14-7472-A20G Intel Core i7 8GB (GeForce MX150 com 4GB) 1TB Tela Full HD 14&quot; Windows 10 - Dourado,https://www.americanas.com.br/produto/133659706/notebook-dell-inspiron-i14-7472-a20g-intel-core-i7-8gb-geforce-mx150-com-4gb-1tb-tela-full-hd-14-windows-10-dourado,https://images-americanas.b2w.io/produtos/01/00/item/133659/7/133659706SZ.jpg
132193043,,,"Notebook Samsung Expert X23 Intel Core I5 8GB (GeForce 920MX de 2GB) 1TB Tela 15,6&quot; HD LED Windows 10 - Preto",https://www.americanas.com.br/produto/132193043/notebook-samsung-expert-x23-intel-core-i5-8gb-geforce-920mx-de-2gb-1tb-tela-15-6-hd-led-windows-10-preto,https://images-americanas.b2w.io/produtos/01/00/item/132193/0/132193043SZ.jpg
133829728,133829736,4751.99,Notebook Samsung Odyssey Intel Core I7 8GB (Geforce Gtx 1050TI com 4GB) 1TB Tela LED Full HD 15.6&#039;&#039; Windows 10 - Preto,https://www.americanas.com.br/produto/133829728/notebook-samsung-odyssey-intel-core-i7-8gb-geforce-gtx-1050ti-com-4gb-1tb-tela-led-full-hd-15.6-windows-10-preto,https://images-americanas.b2w.io/produtos/01/00/offers/01/00/item/133829/7/133829728SZ.jpg
133829883,133829891,3699.99,"Notebook Vaio Fit 15S B7511B Intel Core i7 8GB 1TB Optane 16GB Tela 15,6&quot; Windows 10 - Chumbo",https://www.americanas.com.br/produto/133829883/notebook-vaio-fit-15s-b7511b-intel-core-i7-8gb-1tb-optane-16gb-tela-15-6-windows-10-chumbo,https://images-americanas.b2w.io/produtos/01/00/item/133829/8/133829883SZ.jpg
133710321,133710330,5778.99,"Notebook Dell Gaming G7 7588-A20P Intel Core 8º i7 8GB (GeForce GTX 1050TI com 4GB) 1TB 128GB SSD Tela Full HD 15,6&quot; Windows 10 - Preto",https://www.americanas.com.br/produto/133710321/notebook-dell-gaming-g7-7588-a20p-intel-core-8-i7-8gb-geforce-gtx-1050ti-com-4gb-1tb-128gb-ssd-tela-full-hd-15-6-windows-10-preto,https://images-americanas.b2w.io/produtos/01/00/item/133710/3/133710321SZ.jpg
133667749,133667757,3267.99,"Notebook Dell Inspiron I15-3576-A60C Intel Core 8ª i5 8GB (AMD Radeon 520 com 2GB) 1TB Tela LED HD 15,6&quot; Windows 10 Cinza",https://www.americanas.com.br/produto/133667749/notebook-dell-inspiron-i15-3576-a60c-intel-core-8-i5-8gb-amd-radeon-520-com-2gb-1tb-tela-led-hd-15-6-windows-10-cinza,https://images-americanas.b2w.io/produtos/01/00/item/133667/7/133667749SZ.jpg
134109829,134109837,3599.99,"Notebook Acer A515-51G-71CN 7ª Intel Core i7 8GB (Geforce 940MX com 2GB) 2TB Tela LED 15,6&quot; Windows 10 - Cinza",https://www.americanas.com.br/produto/134109829/notebook-acer-a515-51g-71cn-7-intel-core-i7-8gb-geforce-940mx-com-2gb-2tb-tela-led-15-6-windows-10-cinza,https://images-americanas.b2w.io/produtos/01/00/offers/01/00/item/134109/8/134109829SZ.jpg
133437804,133437812,4459.99,"Notebook Dell Inspiron I15-5570-B40C Intel Core i7 8GB (AMD Radeon 530 com 4GB) 2TB Tela 15,6&quot; Windows 10 - Prata",https://www.americanas.com.br/produto/133437804/notebook-dell-inspiron-i15-5570-b40c-intel-core-i7-8gb-amd-radeon-530-com-4gb-2tb-tela-15-6-windows-10-prata,https://images-americanas.b2w.io/produtos/01/00/item/133437/8/133437804SZ.jpg
133831001,133831019,5423.99,Notebook Odyssey Intel Core I7 8GB (Geforce Gtx 1050TI com 4GB) 1TB 256GB SSD  LED Full HD 15.6&#039;&#039; W10 Preto - Samsung,https://www.americanas.com.br/produto/133831001/notebook-odyssey-intel-core-i7-8gb-geforce-gtx-1050ti-com-4gb-1tb-256gb-ssd-led-full-hd-15.6-w10-preto-samsung,https://images-americanas.b2w.io/produtos/01/00/item/133831/0/133831001SZ.jpg
133799910,133799928,3999.99,Notebook Acer Aspire A515-51G-C1CW Intel Core I7-8550u 12GB 1TB Tela LED Full HD 15.6&quot; Windows 10 (Geforce MX130 com 2GB) -  Cinza,https://www.americanas.com.br/produto/133799910/notebook-acer-aspire-a515-51g-c1cw-intel-core-i7-8550u-12gb-1tb-tela-led-full-hd-15.6-windows-10-geforce-mx130-com-2gb-cinza,https://images-americanas.b2w.io/produtos/01/00/item/133799/9/133799910SZ.jpg
133335787,133335795,4599.99,"Notebook Dell Inspiron I15-7572-A20S Intel Core 8ª i7 8GB (GeForce MX150 com 4GB) 1TB Tela Full HD 15,6&quot; Windows 10 - Prata",https://www.americanas.com.br/produto/133335787/notebook-dell-inspiron-i15-7572-a20s-intel-core-8-i7-8gb-geforce-mx150-com-4gb-1tb-tela-full-hd-15-6-windows-10-prata,https://images-americanas.b2w.io/produtos/01/00/offers/01/00/item/133335/7/133335787SZ.jpg
132165801,,,Notebook Samsung Essentials E21 Intel Celeron Dual Core 4GB 500GB Tela LED FULL HD 15.6&quot; Windows 10 - Preto,https://www.americanas.com.br/produto/132165801/notebook-samsung-essentials-e21-intel-celeron-dual-core-4gb-500gb-tela-led-full-hd-15.6-windows-10-preto,https://images-americanas.b2w.io/produtos/01/00/item/132165/8/132165801SZ.jpg
133710840,133710858,6430.99,"Notebook Dell Gaming G7 7588-A30P Intel Core 8º i7 16GB (GeForce GTX 1050TI com 4GB) 1TB 256GB SSD Tela Full HD 15,6&quot; Windows - Preto",https://www.americanas.com.br/produto/133710840/notebook-dell-gaming-g7-7588-a30p-intel-core-8-i7-16gb-geforce-gtx-1050ti-com-4gb-1tb-256gb-ssd-tela-full-hd-15-6-windows-preto,https://images-americanas.b2w.io/produtos/01/00/item/133710/8/133710840SZ.jpg
132568845,,,Notebook Samsung Expert X22s Intel Core i5 8GB 1TB Tela LED HD 14&quot; Windows 10 - Cinza,https://www.americanas.com.br/produto/132568845/notebook-samsung-expert-x22s-intel-core-i5-8gb-1tb-tela-led-hd-14-windows-10-cinza,https://images-americanas.b2w.io/produtos/01/00/item/132568/8/132568845SZ.jpg
132477601,132477610,10079.99,"Notebook Asus Gamer Rog Strix FY156T Intel Core i7 16GB (GeForce GTX 1050 Ti) 1TB 128GB SSD Tela 15,6&#039;&#039; Windows 10 - Preto",https://www.americanas.com.br/produto/132477601/notebook-asus-gamer-rog-strix-fy156t-intel-core-i7-16gb-geforce-gtx-1050-ti-1tb-128gb-ssd-tela-15-6-windows-10-preto,https://images-americanas.b2w.io/produtos/01/00/item/132477/6/132477601SZ.jpg
132294282,,,Notebook Dell Inspiron i15-5566-A10B Intel Core i3 4GB 1TB Tela LED 15.6&quot; Windows 10 - Branco,https://www.americanas.com.br/produto/132294282/notebook-dell-inspiron-i15-5566-a10b-intel-core-i3-4gb-1tb-tela-led-15.6-windows-10-branco,https://images-americanas.b2w.io/produtos/01/00/item/132294/2/132294282SZ.jpg
5053389,5053390,4699.99,Notebook VAIO SR150 Core 2 Duo P8400 2.26GHz 3GB 250GB DVD-RW Webcam 13.3&#039;&#039; Vista Business - Sony,https://www.americanas.com.br/produto/5053389/notebook-vaio-sr150-core-2-duo-p8400-2.26ghz-3gb-250gb-dvd-rw-webcam-13.3-vista-business-sony,https://images-americanas.b2w.io/produtos/01/00/item/5053/3/5053389_1GG.jpg
133829808,133829816,2899.99,"Notebook Vaio Fit 15S B7311B Intel Core i5 4GB 1TB Optane 16GB Tela 15,6&quot; Windows 10 - Chumbo",https://www.americanas.com.br/produto/133829808/notebook-vaio-fit-15s-b7311b-intel-core-i5-4gb-1tb-optane-16gb-tela-15-6-windows-10-chumbo,https://images-americanas.b2w.io/produtos/01/00/item/133829/8/133829808SZ.jpg
124835974,124835982,6334.95,Notebook Samsung Style S40 Intel Core M 8GB 256GB SSD LED 12.2&quot; Windows 10 - Preto,https://www.americanas.com.br/produto/124835974/notebook-samsung-style-s40-intel-core-m-8gb-256gb-ssd-led-12.2-windows-10-preto,https://images-americanas.b2w.io/produtos/01/00/item/124835/9/124835974SZ.jpg
114012456,114012464,39.9,Mochila para Notebook Multilaser Rosa 15.6&quot;,https://www.americanas.com.br/produto/114012456/mochila-para-notebook-multilaser-rosa-15.6-,https://images-americanas.b2w.io/produtos/01/00/item/114012/4/114012456SZ.jpg
133829921,133829939,3185.99,"Notebook Vaio Fit 15S B7411B Intel Core i5 8GB 1TB Optane 16GB Tela 15,6&quot; Windows 10 - Chumbo",https://www.americanas.com.br/produto/133829921/notebook-vaio-fit-15s-b7411b-intel-core-i5-8gb-1tb-optane-16gb-tela-15-6-windows-10-chumbo,https://images-americanas.b2w.io/produtos/01/00/item/133829/9/133829921SZ.jpg
133728118,133728126,6999.99,"Notebook Samsung Style S51 Pen Intel Core i7 8GB 256GB SSD Tela Touchscreen Full HD LED 13,3&#039;&#039;  S-pen Windows 10 - Prata",https://www.americanas.com.br/produto/133728118/notebook-samsung-style-s51-pen-intel-core-i7-8gb-256gb-ssd-tela-touchscreen-full-hd-led-13-3-s-pen-windows-10-prata,https://images-americanas.b2w.io/produtos/01/00/item/133728/1/133728118SZ.jpg
129678470,129678488,8434.99,"Notebook Asus UX330UA-FC046T Intel Core 6 i5 8GB 256GB SSD Tela LED 13,3&quot; Windows 10 - Cinza",https://www.americanas.com.br/produto/129678470/notebook-asus-ux330ua-fc046t-intel-core-6-i5-8gb-256gb-ssd-tela-led-13-3-windows-10-cinza,https://images-americanas.b2w.io/produtos/01/00/item/129678/4/129678470SZ.jpg
123470635,123470643,10350.99,Notebook Lenovo Gamer Y50 Intel Core i7 16GB (GeForce GTX 960M de 4GB) 1TB Tela LED 15.6&quot; 4K Ultra HD Windows 8.1 - Preto,https://www.americanas.com.br/produto/123470635/notebook-lenovo-gamer-y50-intel-core-i7-16gb-geforce-gtx-960m-de-4gb-1tb-tela-led-15.6-4k-ultra-hd-windows-8.1-preto,https://images-americanas.b2w.io/produtos/01/00/item/123470/6/123470635SZ.jpg
134184870,134184888,1649.99,Notebook LG 14U380-L.BJ41P1 Intel Core Celeron 4GB 500GB Tela 14&quot; Windows 10 - Branco,https://www.americanas.com.br/produto/134184870/notebook-lg-14u380-l.bj41p1-intel-core-celeron-4gb-500gb-tela-14-windows-10-branco,https://images-americanas.b2w.io/produtos/01/00/offers/01/00/item/134184/8/134184870SZ.jpg
126902472,126902481,9936.99,Notebook ASUS GL552VW-CN573T Intel Core i5 8GB (GeForce GTX960M de 2GB) 1TB Tela LED 15.6&quot; Windows 10 - Preto,https://www.americanas.com.br/produto/126902472/notebook-asus-gl552vw-cn573t-intel-core-i5-8gb-geforce-gtx960m-de-2gb-1tb-tela-led-15.6-windows-10-preto,https://images-americanas.b2w.io/produtos/01/00/item/126902/4/126902472SZ.jpg
133829867,133829875,2679.99,"Notebook Vaio Fit 15S B7211B Intel Core i3 4GB 1TB Optane 16GB Tela 15,6&quot; Windows 10 - Chumbo",https://www.americanas.com.br/produto/133829867/notebook-vaio-fit-15s-b7211b-intel-core-i3-4gb-1tb-optane-16gb-tela-15-6-windows-10-chumbo,https://images-americanas.b2w.io/produtos/01/00/item/133829/8/133829867SZ.jpg
134117829,134117837,4026.99,"Notebook Gamer C300 8ª Intel Core i3 8GB (Geforce MX150 com 2GB) 1TB W10 15,6&quot; Preto - 2AM",https://www.americanas.com.br/produto/134117829/notebook-gamer-c300-8-intel-core-i3-8gb-geforce-mx150-com-2gb-1tb-w10-15-6-preto-2am,https://images-americanas.b2w.io/produtos/01/00/offers/01/00/item/134117/8/134117829SZ.jpg
133829461,133829470,4805.99,"Notebook Inspiron I15-5570-B50C Intel Core 8 i7 8GB (AMD Radeon 530 com 4GB) 1TB 128SSD 15,6&quot; W10 Prata - Dell",https://www.americanas.com.br/produto/133829461/notebook-inspiron-i15-5570-b50c-intel-core-8-i7-8gb-amd-radeon-530-com-4gb-1tb-128ssd-15-6-w10-prata-dell,https://images-americanas.b2w.io/produtos/01/00/item/133829/4/133829461SZ.jpg
125819888,125819896,119.99,"Mochila para Notebook Multilaser High School Nylon Azul - Até 15,6&quot;",https://www.americanas.com.br/produto/125819888/mochila-para-notebook-multilaser-high-school-nylon-azul-ate-15-6-,https://images-americanas.b2w.io/produtos/01/00/item/125819/8/125819888SZ.jpg
134117861,134117870,4442.99,"Notebook E500 8ª Intel Core i5 8GB (Geforce GTX1050 com 4GB) 1TB Tela IPS Full HD Shell EFI 15,6&quot; Preto - 2AM",https://www.americanas.com.br/produto/134117861/notebook-e500-8-intel-core-i5-8gb-geforce-gtx1050-com-4gb-1tb-tela-ips-full-hd-shell-efi-15-6-preto-2am,https://images-americanas.b2w.io/produtos/01/00/offers/01/00/item/134117/8/134117861_1GG.jpg
134117888,134117896,7302.99,"Notebook Gamer H700 8ª Intel Core i7 16GB (Geforce GTX1060 com 6GB) 1TB Windows 10 15,6&quot; Preto - 2AM",https://www.americanas.com.br/produto/134117888/notebook-gamer-h700-8-intel-core-i7-16gb-geforce-gtx1060-com-6gb-1tb-windows-10-15-6-preto-2am,https://images-americanas.b2w.io/produtos/01/00/offers/01/00/item/134117/8/134117888_1GG.jpg
125596506,125596514,12202.99,"Notebook Aorus X3 Plus Game Intel Core i7 16GB + 512GB SSD em HAID 0 13,9&quot; QHD + GTX 870 6GB (Dedicada) Windows 8,1 - Preto",https://www.americanas.com.br/produto/125596506/notebook-aorus-x3-plus-game-intel-core-i7-16gb-512gb-ssd-em-haid-0-13-9-qhd-gtx-870-6gb-dedicada-windows-8-1-preto,https://images-americanas.b2w.io/produtos/01/00/item/125596/5/125596506SZ.jpg
134166743,134166743,2699.99,Notebook Ideapad 330 8ª Intel Core I5 4GB 1TB W10 15.6&quot; HD Branco - Lenovo + Microsoft Office Home And Student 2019,https://www.americanas.com.br/produto/134166743/notebook-ideapad-330-8-intel-core-i5-4gb-1tb-w10-15.6-hd-branco-lenovo-microsoft-office-home-and-student-2019,https://images-americanas.b2w.io/produtos/01/00/offers/01/00/item/134166/7/134166743_1GG.jpg
134166701,134166701,2199.99,Notebook Ideapad 320 Intel Core i3 4GB 500GB HD 14&#039;&#039; Branco W10 - Lenovo + Microsoft Office Home And Student 2019,https://www.americanas.com.br/produto/134166701/notebook-ideapad-320-intel-core-i3-4gb-500gb-hd-14-branco-w10-lenovo-microsoft-office-home-and-student-2019,https://images-americanas.b2w.io/produtos/01/00/offers/01/00/item/134166/7/134166701SZ.jpg
110259005,110259013,649.99,"Mochila para Notebook até 15,4&quot; com Rodinhas e Compartimento para Roupas - Vermelho - Sumdex",https://www.americanas.com.br/produto/110259005/mochila-para-notebook-ate-15-4-com-rodinhas-e-compartimento-para-roupas-vermelho-sumdex,https://images-americanas.b2w.io/produtos/01/00/item/110259/0/110259005SZ.jpg
134166719,134166719,3599.99,"Notebook Inspiron I15-3576-A60C Intel Core 8 i5 8GB (AMD Radeon 520 com 2GB) 1TB LED HD 15,6&quot; W10 Cinza -  Dell + Microsoft Office Home And Student 2019",https://www.americanas.com.br/produto/134166719/notebook-inspiron-i15-3576-a60c-intel-core-8-i5-8gb-amd-radeon-520-com-2gb-1tb-led-hd-15-6-w10-cinza-dell-microsoft-office-home-and-student-2019,https://images-americanas.b2w.io/produtos/01/00/offers/01/00/item/134166/7/134166719SZ.jpg
129313403,129313411,219.99,"Mochila para Notebook Stern Mustang Azul Até 15,6&quot;",https://www.americanas.com.br/produto/129313403/mochila-para-notebook-stern-mustang-azul-ate-15-6-,https://images-americanas.b2w.io/produtos/01/00/item/129313/4/129313403SZ.jpg
125918261,125918270,129.99,Mochila para Notebook JWorld Oz Poliéster Lilás - Até 15.4&#039;&#039;,https://www.americanas.com.br/produto/125918261/mochila-para-notebook-jworld-oz-poliester-lilas-ate-15.4-,https://images-americanas.b2w.io/produtos/01/00/item/125918/2/125918261SZ.jpg
129316065,129316073,299.99,"Mochila para Notebook Stern Daytona Preto Até 15,6&quot;",https://www.americanas.com.br/produto/129316065/mochila-para-notebook-stern-daytona-preto-ate-15-6-,https://images-americanas.b2w.io/produtos/01/00/item/129316/0/129316065SZ.jpg
120007637,,,Mochila para Notebook Targus Strata Poléster Azul - Até 15.6&quot;,https://www.americanas.com.br/produto/120007637/mochila-para-notebook-targus-strata-polester-azul-ate-15.6-,https://images-americanas.b2w.io/produtos/01/00/item/120007/6/120007637SZ.jpg
125597349,125597357,9489.99,Notebook Gigabyte P35G v2 Game Intel Core i7 16GB 128GB SSD 1TB + DVDRW 15.6&quot; FHD GTX860M 4GB (Dedicada) Windows 8.1 - Preto,https://www.americanas.com.br/produto/125597349/notebook-gigabyte-p35g-v2-game-intel-core-i7-16gb-128gb-ssd-1tb-dvdrw-15.6-fhd-gtx860m-4gb-dedicada-windows-8.1-preto,https://images-americanas.b2w.io/produtos/01/00/item/125597/3/125597349SZ.jpg
125596346,125596354,9134.99,Notebook Gigabyte P34G v2 Game Intel Core i7 128GB SSD + 1TB 14&quot; GTX860M 4GB (Dedicada) Windows 8.1 - Preto,https://www.americanas.com.br/produto/125596346/notebook-gigabyte-p34g-v2-game-intel-core-i7-128gb-ssd-1tb-14-gtx860m-4gb-dedicada-windows-8.1-preto,https://images-americanas.b2w.io/produtos/01/00/item/125596/3/125596346SZ.jpg
129150860,129150878,129.99,Pasta para Notebook PT10751 Preta - Seanite,https://www.americanas.com.br/produto/129150860/pasta-para-notebook-pt10751-preta-seanite,https://images-americanas.b2w.io/produtos/01/00/item/129150/8/129150860SZ.jpg
129313294,129313307,319.99,"Mochila para Notebook Stern Striker Até 15,6&quot;",https://www.americanas.com.br/produto/129313294/mochila-para-notebook-stern-striker-ate-15-6-,https://images-americanas.b2w.io/produtos/01/00/item/129313/2/129313294SZ.jpg
127246761,127246770,179.99,Mochila Para Notebook Sanya Top Executive Alça com Cabo de Aço Vermelha,https://www.americanas.com.br/produto/127246761/mochila-para-notebook-sanya-top-executive-alca-com-cabo-de-aco-vermelha,https://images-americanas.b2w.io/produtos/01/00/item/127246/7/127246761_1GG.jpg
120935134,120935142,349.99,Pasta para NoteBook 41446 - Primicia,https://www.americanas.com.br/produto/120935134/pasta-para-notebook-41446-primicia,https://images-americanas.b2w.io/produtos/01/00/item/120935/1/120935134_1GG.jpg
129313446,129313454,329.99,Mochila para Notebook Stern Outback Preto Até 17&quot;,https://www.americanas.com.br/produto/129313446/mochila-para-notebook-stern-outback-preto-ate-17-,https://images-americanas.b2w.io/produtos/01/00/item/129313/4/129313446SZ.jpg
120935118,120935126,319.99,Pasta para NoteBook 41445 - Primicia,https://www.americanas.com.br/produto/120935118/pasta-para-notebook-41445-primicia,https://images-americanas.b2w.io/produtos/01/00/item/120935/1/120935118_1GG.jpg
129097261,129097270,449.99,"Mochila para Notebook Case Logic Griffith Park Vermelha - Até 15,6&quot;",https://www.americanas.com.br/produto/129097261/mochila-para-notebook-case-logic-griffith-park-vermelha-ate-15-6-,https://images-americanas.b2w.io/produtos/01/00/item/129097/2/129097261SZ.jpg
129316014,129316022,289.99,"Mochila para Notebook Stern Warrior Azul Até 15,6&quot;",https://www.americanas.com.br/produto/129316014/mochila-para-notebook-stern-warrior-azul-ate-15-6-,https://images-americanas.b2w.io/produtos/01/00/item/129316/0/129316014SZ.jpg
122999852,122999861,1774.99,Pasta para Notebook 15&#039;&#039; Pinckney Cinza Tumi,https://www.americanas.com.br/produto/122999852/pasta-para-notebook-15-pinckney-cinza-tumi,https://images-americanas.b2w.io/produtos/01/00/item/122999/8/122999852_1GG.jpg
6831090,6831091,159.99,Mini Notebook Case 7&quot;/9&quot; White - Sumdex,https://www.americanas.com.br/produto/6831090/mini-notebook-case-7-9-white-sumdex,https://images-americanas.b2w.io/produtos/01/00/item/6831/0/6831090_1GG.jpg
6831088,6831089,119.99,Mini Notebook Case 7&quot; 9&quot; Black - Sumdex,https://www.americanas.com.br/produto/6831088/mini-notebook-case-7-9-black-sumdex,https://images-americanas.b2w.io/produtos/01/00/offers/01/00/item/6831/0/6831088_1gg.jpg
6735087,6735088,259.99,Bolsa p/ Notebook 15.4&quot; Feminina Nylon Vermelha/Marrom - Targus,https://www.americanas.com.br/produto/6735087/bolsa-p-notebook-15.4-feminina-nylon-vermelha-marrom-targus,
7173657,,,Skin para Notebook 17&quot; - Futebol - Skin For Fun,https://www.americanas.com.br/produto/7173657/skin-para-notebook-17-futebol-skin-for-fun,
120786909,120786917,94.99,"Mochila Esportiva de Costas para Notebook Luxcel Poliéster Fiorucci - Até 15,6 Polegadas",https://www.americanas.com.br/produto/120786909/mochila-esportiva-de-costas-para-notebook-luxcel-poliester-fiorucci-ate-15-6-polegadas,https://images-americanas.b2w.io/produtos/01/00/item/120786/9/120786909SZ.jpg
111618250,111618268,11.9,Luva Para Netbook Bonanova 10 - Vermelha - Bolsarium Barcelona,https://www.americanas.com.br/produto/111618250/luva-para-netbook-bonanova-10-vermelha-bolsarium-barcelona,https://images-americanas.b2w.io/produtos/01/00/item/111618/2/111618250SZ.jpg
6994675,,,Hoodie Laptop Case 7-10&quot; Preto - Built NY,https://www.americanas.com.br/produto/6994675/hoodie-laptop-case-7-10-preto-built-ny,
125919459,125919467,139.99,Mochila para Laptop Jworld Oz em Poliéster Vermelha - Até 15.4&quot;,https://www.americanas.com.br/produto/125919459/mochila-para-laptop-jworld-oz-em-poliester-vermelha-ate-15.4-,https://images-americanas.b2w.io/produtos/01/00/item/125919/4/125919459SZ.jpg
7284818,7284823,149.99,Bolsa para Notebook Messenger 7-15&quot; - Vax Barcelona,https://www.americanas.com.br/produto/7284818/bolsa-para-notebook-messenger-7-15-vax-barcelona,https://images-americanas.b2w.io/produtos/01/00/item/7284/8/7284818SZ.jpg
125863248,125863256,59,Bolsa Feminina  Multilaser para Notebook 14 Rosa,https://www.americanas.com.br/produto/125863248/bolsa-feminina-multilaser-para-notebook-14-rosa,https://images-americanas.b2w.io/produtos/01/00/item/125863/2/125863248SZ.jpg
7173521,,,"Skin para Notebook 11&quot; a 13,3&quot; - Futebol - Skin For Fun",https://www.americanas.com.br/produto/7173521/skin-para-notebook-11-a-13-3-futebol-skin-for-fun,
7411934,7411935,99.99,Case p/ Notebook 10&quot; VAIO - Pink - Sony,https://www.americanas.com.br/produto/7411934/case-p-notebook-10-vaio-pink-sony,https://images-americanas.b2w.io/produtos/01/00/item/7411/9/7411934SZ.jpg
125863598,125863601,139.99,Bolsa Feminina  Multilaser para Notebook 14 Vermelho,https://www.americanas.com.br/produto/125863598/bolsa-feminina-multilaser-para-notebook-14-vermelho,https://images-americanas.b2w.io/produtos/01/00/item/125863/5/125863598SZ.jpg
124940230,124940248,39.99,Capa para Netbook Até 10&quot; Ziper Love Punk - Uatt?,https://www.americanas.com.br/produto/124940230/capa-para-netbook-ate-10-ziper-love-punk-uatt-,https://images-americanas.b2w.io/produtos/01/00/item/124940/2/124940230_1GG.jpg
342424,342425,159.99,Carregador AC p/ Notebooks HP Família ZE2400 e DV1300 - AA-C14 - Battery-Biz,https://www.americanas.com.br/produto/342424/carregador-ac-p-notebooks-hp-familia-ze2400-e-dv1300-aa-c14-battery-biz,
111618217,111618225,11.9,Luva Para Netbook Bonanova 10 - Violeta - Bolsarium Barcelona,https://www.americanas.com.br/produto/111618217/luva-para-netbook-bonanova-10-violeta-bolsarium-barcelona,https://images-americanas.b2w.io/produtos/01/00/item/111618/2/111618217_1GG.jpg
120786706,,,"Mochila Esportiva de Costas para Notebook Luxcel Poliéster Snoopy - Até 15,6 Polegadas",https://www.americanas.com.br/produto/120786706/mochila-esportiva-de-costas-para-notebook-luxcel-poliester-snoopy-ate-15-6-polegadas,https://images-americanas.b2w.io/produtos/01/00/item/120786/7/120786706SZ.jpg
7173508,,,"Skin para Netbook 7&quot; a 10,2&quot; - Special Dates - Copa do Mundo - Skin For Fun",https://www.americanas.com.br/produto/7173508/skin-para-netbook-7-a-10-2-special-dates-copa-do-mundo-skin-for-fun,
7023656,7023657,69.99,"Capa Protetora Netbook até 10,2&quot; - HP - Soft",https://www.americanas.com.br/produto/7023656/capa-protetora-netbook-ate-10-2-hp-soft,
111618233,111618241,11.9,Luva Para Netbook Bonanova 10 - Oliva - Bolsarium Barcelona,https://www.americanas.com.br/produto/111618233/luva-para-netbook-bonanova-10-oliva-bolsarium-barcelona,https://images-americanas.b2w.io/produtos/01/00/item/111618/2/111618233_1GG.jpg
124940272,124940281,41.99,Capa para Netbook Até 10&quot; Esse é o Cara - Uatt?,https://www.americanas.com.br/produto/124940272/capa-para-netbook-ate-10-esse-e-o-cara-uatt-,https://images-americanas.b2w.io/produtos/01/00/item/124940/2/124940272_1GG.jpg
359069,108349319,229.99,Maleta 3x1 Conversível Impulse Tech Now p/ Notebook 15.4&quot; - Preta - Sumdex,https://www.americanas.com.br/produto/359069/maleta-3x1-conversivel-impulse-tech-now-p-notebook-15.4-preta-sumdex,https://images-americanas.b2w.io/produtos/01/00/item/359/0/359069_1gg.jpg
125924389,125924397,129.99,"Mochila para Laptop Jworld Oz Poliéster Blazing Owl Roxa - Até 15,4&quot;vvv",https://www.americanas.com.br/produto/125924389/mochila-para-laptop-jworld-oz-poliester-blazing-owl-roxa-ate-15-4-vvv,https://images-americanas.b2w.io/produtos/01/00/item/125924/3/125924389SZ.jpg
6834299,6834300,449.99,Bateria p/ Notebook Compatível c/ Dell BB11-DE047  - BestBattery,https://www.americanas.com.br/produto/6834299/bateria-p-notebook-compativel-c-dell-bb11-de047-bestbattery,https://images-americanas.b2w.io/produtos/01/00/item/6834/2/6834299gg.jpg
121334234,121334242,21.99,Capa para Laptop Tech Stöd 9 Polegadas Cinza,https://www.americanas.com.br/produto/121334234/capa-para-laptop-tech-stod-9-polegadas-cinza,https://images-americanas.b2w.io/produtos/01/00/item/121334/2/121334234SZ.jpg
6834303,6834304,439.99,Bateria p/ Notebook HP BB11-HP017-H - BestBattery,https://www.americanas.com.br/produto/6834303/bateria-p-notebook-hp-bb11-hp017-h-bestbattery,https://images-americanas.b2w.io/produtos/01/00/item/6834/3/6834303gg.jpg
342452,342453,749.99,Bateria Recarregável B-5320 p/ Notebook Amazon - Battery-Biz,https://www.americanas.com.br/produto/342452/bateria-recarregavel-b-5320-p-notebook-amazon-battery-biz,
342420,342421,549.99,Carregador DC Universal p/ Notebooks Toshiba AA-5001T - Battery-Biz,https://www.americanas.com.br/produto/342420/carregador-dc-universal-p-notebooks-toshiba-aa-5001t-battery-biz,
6834301,6834302,379.99,Bateria p/ Notebook Compaq  BB11-CP033-A - BestBattery,https://www.americanas.com.br/produto/6834301/bateria-p-notebook-compaq-bb11-cp033-a-bestbattery,https://images-americanas.b2w.io/produtos/01/00/item/6834/3/6834301gg.jpg
6834311,6834312,459.99,Bateria p/ Notebook Sony BB11-SO014-PRO - BestBattery,https://www.americanas.com.br/produto/6834311/bateria-p-notebook-sony-bb11-so014-pro-bestbattery,https://images-americanas.b2w.io/produtos/01/00/item/6834/3/6834311gg.jpg
6834281,6834282,389.99,Bateria p/ Notebook Compaq BB11-CP034-A - BestBattery,https://www.americanas.com.br/produto/6834281/bateria-p-notebook-compaq-bb11-cp034-a-bestbattery,https://images-americanas.b2w.io/produtos/01/00/item/6834/2/6834281gg.jpg
110258846,110258854,109.99,"Pasta Feminina  para Notebook até 10,2 Preta PON496BK  - Sumdex",https://www.americanas.com.br/produto/110258846/pasta-feminina-para-notebook-ate-10-2-preta-pon496bk-sumdex,https://images-americanas.b2w.io/produtos/01/00/item/110258/8/110258846SZ.jpg
347692,347693,109.99,Interface PCMCIA p/ Laptop PC108 - Siemens,https://www.americanas.com.br/produto/347692/interface-pcmcia-p-laptop-pc108-siemens,
120729779,120729787,34.99,Livro - The Notebook,https://www.americanas.com.br/produto/120729779/livro-the-notebook,https://images-americanas.b2w.io/produtos/01/00/item/120729/7/120729779_1GG.jpg
349078,349079,179.99,Placa de Rede PC Card Wireless Notebook WG511 (54 Mbps) - Netgear,https://www.americanas.com.br/produto/349078/placa-de-rede-pc-card-wireless-notebook-wg511-54-mbps-netgear,
116248972,116248981,169.99,Mochila Com Porta Notebook Santino CAN13003U30 Cobra D&#039;Agua Colorido,https://www.americanas.com.br/produto/116248972/mochila-com-porta-notebook-santino-can13003u30-cobra-d-agua-colorido,https://images-americanas.b2w.io/produtos/01/00/item/116248/9/116248972SZ.jpg
7101066,7101067,69.99,F Secure Internet Security p/ 1 Notebook 2010 - F Secure,https://www.americanas.com.br/produto/7101066/f-secure-internet-security-p-1-notebook-2010-f-secure,
6745649,6745650,28.4,"Livro - Notebook: Mundo Virtual nas Suas Mãos, O",https://www.americanas.com.br/produto/6745649/livro-notebook-mundo-virtual-nas-suas-maos-o,https://images-americanas.b2w.io/produtos/01/00/item/6745/6/6745649_1GG.jpg
125155575,125155583,114.99,Livro - Artist Notebook,https://www.americanas.com.br/produto/125155575/livro-artist-notebook,https://images-americanas.b2w.io/produtos/01/00/item/125155/5/125155575_1GG.jpg
6868609,6868610,49.99,Livro - Twilight - Director&#039;s Notebook,https://www.americanas.com.br/produto/6868609/livro-twilight-director-s-notebook,https://images-americanas.b2w.io/produtos/01/00/item/6868/6/6868609_1gg.jpg
5440195,5440196,32.99,CD David Kitt - The Black and Red Notebook,https://www.americanas.com.br/produto/5440195/cd-david-kitt-the-black-and-red-notebook,https://images-americanas.b2w.io/produtos/01/00/item/5440/1/5440195GG.jpg
5320139,5320140,74.99,Cabo de Notebook p/ Viagem - Palmone,https://www.americanas.com.br/produto/5320139/cabo-de-notebook-p-viagem-palmone,https://images-americanas.b2w.io/produtos/01/00/item/5320/1/5320139gg.jpg
6824782,6824783,50.99,Livro - Energy 4 Students Book And Vocabulary Notebook,https://www.americanas.com.br/produto/6824782/livro-energy-4-students-book-and-vocabulary-notebook,
110007781,110007799,28.8,Livro - Com Giz e Laptop - Da Concepção à Integração de Políticas Públicas de Informática,https://www.americanas.com.br/produto/110007781/livro-com-giz-e-laptop-da-concepcao-a-integracao-de-politicas-publicas-de-informatica,https://images-americanas.b2w.io/produtos/01/00/item/110007/7/110007781SZ.jpg
130835911,130835920,129.99,"Livro - Guillermo Del Toro Cabinet Of Curiosities: My Notebooks, Collections, And Other Obsessions",https://www.americanas.com.br/produto/130835911/livro-guillermo-del-toro-cabinet-of-curiosities-my-notebooks-collections-and-other-obsessions,https://images-americanas.b2w.io/produtos/01/00/item/130835/9/130835911_1GG.jpg
117974351,117974360,9249.99,"Ultrabook 2 em 1 Asus Taichi com Intel Core i5 4GB 256GB SSD LED 13,3&quot; Touchscreen Windows 8",https://www.americanas.com.br/produto/117974351/ultrabook-2-em-1-asus-taichi-com-intel-core-i5-4gb-256gb-ssd-led-13-3-touchscreen-windows-8,https://images-americanas.b2w.io/produtos/01/00/item/117974/3/117974351SZ.jpg
125594797,125594800,4784.99,Ultrabook Gigabyte U24F i5 Game Intel Core i5 8GB 128GB SSD + 750GB 14&quot; GT750 2GB (Dedicada) Windows 8.1 - Champagne,https://www.americanas.com.br/produto/125594797/ultrabook-gigabyte-u24f-i5-game-intel-core-i5-8gb-128gb-ssd-750gb-14-gt750-2gb-dedicada-windows-8.1-champagne,https://images-americanas.b2w.io/produtos/01/00/item/125594/7/125594797SZ.jpg
118075690,118075702,39,Mochila Casual Activa - Echolife,https://www.americanas.com.br/produto/118075690/mochila-casual-activa-echolife,https://images-americanas.b2w.io/produtos/01/00/item/118075/6/118075690_1GG.jpg
121568170,121568188,289.99,Estante Dora 4 Prateleiras com Mesa para Computador Branco - Madesa,https://www.americanas.com.br/produto/121568170/estante-dora-4-prateleiras-com-mesa-para-computador-branco-madesa,https://images-americanas.b2w.io/produtos/01/00/item/121568/1/121568170SZ.jpg
125594818,125594826,5161.99,Ultrabook Gigabyte U21MD Game (3 em 1) Intel Core i5 4GB 500GB 11.6&quot; (touch) + Docking Station Windows 8.1 - Prata,https://www.americanas.com.br/produto/125594818/ultrabook-gigabyte-u21md-game-3-em-1-intel-core-i5-4gb-500gb-11.6-touch-docking-station-windows-8.1-prata,https://images-americanas.b2w.io/produtos/01/00/item/125594/8/125594818SZ.jpg
6879250,6879252,289.99,Estojo Carrying Case Branco - Sony,https://www.americanas.com.br/produto/6879250/estojo-carrying-case-branco-sony,https://images-americanas.b2w.io/produtos/01/00/item/6879/2/6879250gg.jpg
127509496,127509509,67.99,Mochila Luxel Esportiva Preta Ms45248lx,https://www.americanas.com.br/produto/127509496/mochila-luxel-esportiva-preta-ms45248lx,https://images-americanas.b2w.io/produtos/01/00/item/127509/4/127509496SZ.jpg
120895312,120895321,34.11,Case Multilaser Dupla Camada Nylon Para Tablet até 7&quot;- Preto,https://www.americanas.com.br/produto/120895312/case-multilaser-dupla-camada-nylon-para-tablet-ate-7-preto,https://images-americanas.b2w.io/produtos/01/00/item/120895/3/120895312SZ.jpg
116840124,116840132,99.99,Carregador Portátil Youts Ipower com Lanterna  2600mah,https://www.americanas.com.br/produto/116840124/carregador-portatil-youts-ipower-com-lanterna-2600mah,https://images-americanas.b2w.io/produtos/01/00/item/116840/1/116840124_1GG.jpg
315817,315818,129.99,Mochila Sportive - Portare,https://www.americanas.com.br/produto/315817/mochila-sportive-portare,https://images-americanas.b2w.io/produtos/01/00/item/315/8/315817SZ.jpg
124939212,124939221,74.99,Capa para Tablet Até 10&quot; Smart Enciclopad - Uatt?,https://www.americanas.com.br/produto/124939212/capa-para-tablet-ate-10-smart-enciclopad-uatt-,https://images-americanas.b2w.io/produtos/01/00/item/124939/2/124939212_1GG.jpg
125629048,125629056,19.99,Case Multiuso Necessaire (7&quot;) Preto - Reliza,https://www.americanas.com.br/produto/125629048/case-multiuso-necessaire-7-preto-reliza,https://images-americanas.b2w.io/produtos/01/00/item/125629/0/125629048SZ.jpg
127509841,127509859,79.99,Mochila Luxel Esportiva Preta Ms45286lx,https://www.americanas.com.br/produto/127509841/mochila-luxel-esportiva-preta-ms45286lx,https://images-americanas.b2w.io/produtos/01/00/item/127509/8/127509841SZ.jpg
124939562,124939571,15.89,Capa Ipad Facil Máquina de Escrever Neoprene Uatt?,https://www.americanas.com.br/produto/124939562/capa-ipad-facil-maquina-de-escrever-neoprene-uatt-,https://images-americanas.b2w.io/produtos/01/00/item/124939/5/124939562_1GG.jpg
127509453,127509461,63.9,Mochila Luxel Esportiva Preta Ms45282lx,https://www.americanas.com.br/produto/127509453/mochila-luxel-esportiva-preta-ms45282lx,https://images-americanas.b2w.io/produtos/01/00/item/127509/4/127509453SZ.jpg
125629064,125629072,25.99,Case Multiuso Necessaire (7&quot;) Poá Rosa - Reliza,https://www.americanas.com.br/produto/125629064/case-multiuso-necessaire-7-poa-rosa-reliza,https://images-americanas.b2w.io/produtos/01/00/item/125629/0/125629064SZ.jpg
120895451,120895460,18,Case Multilaser Colors Neoprene 10&quot; - Preto e Rosa,https://www.americanas.com.br/produto/120895451/case-multilaser-colors-neoprene-10-preto-e-rosa,https://images-americanas.b2w.io/produtos/01/00/item/120895/4/120895451SZ.jpg
124939271,124939280,10.3,Capa para iPad Office Vermelha - Uatt?,https://www.americanas.com.br/produto/124939271/capa-para-ipad-office-vermelha-uatt-,https://images-americanas.b2w.io/produtos/01/00/item/124939/2/124939271SZ.jpg
6879256,6879257,289.99,Estojo Nylon Carrying Case Preto - Sony,https://www.americanas.com.br/produto/6879256/estojo-nylon-carrying-case-preto-sony,https://images-americanas.b2w.io/produtos/01/00/item/6879/2/6879256gg.jpg
124939298,124939301,54.99,Capa para Ipad Office Preto - Uatt?,https://www.americanas.com.br/produto/124939298/capa-para-ipad-office-preto-uatt-,https://images-americanas.b2w.io/produtos/01/00/item/124939/2/124939298_1GG.jpg
112448871,112448889,229.99,Pasta Feminina com Alça de Ombro Delsey For Once em Nylon - Roxo,https://www.americanas.com.br/produto/112448871/pasta-feminina-com-alca-de-ombro-delsey-for-once-em-nylon-roxo,https://images-americanas.b2w.io/produtos/01/00/item/112448/8/112448871SZ.jpg
120895398,120895401,29.99,Case Multilaser Neoprene Para Tablet 10&quot; - Preto e Azul,https://www.americanas.com.br/produto/120895398/case-multilaser-neoprene-para-tablet-10-preto-e-azul,https://images-americanas.b2w.io/produtos/01/00/item/120895/3/120895398SZ.jpg
125629081,125629099,25.99,Case Multiuso Necessaire (7&quot;) Barras - Reliza,https://www.americanas.com.br/produto/125629081/case-multiuso-necessaire-7-barras-reliza,https://images-americanas.b2w.io/produtos/01/00/item/125629/0/125629081_1GG.jpg
124939255,124939263,39.99,Capa para iPad Office Preta - Uatt?,https://www.americanas.com.br/produto/124939255/capa-para-ipad-office-preta-uatt-,https://images-americanas.b2w.io/produtos/01/00/item/124939/2/124939255_1GG.jpg
6879218,6879219,259.99,Filtro de Privacidade - Sony,https://www.americanas.com.br/produto/6879218/filtro-de-privacidade-sony,https://images-americanas.b2w.io/produtos/01/00/item/6879/2/6879218gg.jpg
124940192,124940205,39.99,Capa para iPad Fácil Maleta Preta - Uatt?,https://www.americanas.com.br/produto/124940192/capa-para-ipad-facil-maleta-preta-uatt-,https://images-americanas.b2w.io/produtos/01/00/item/124940/1/124940192_1GG.jpg
128554432,128554441,89.99,Mochila Batiki - Colorida,https://www.americanas.com.br/produto/128554432/mochila-batiki-colorida,https://images-americanas.b2w.io/produtos/01/00/item/128554/4/128554432SZ.jpg
113317047,113317055,529.99,Cavalete Barra Roxo/Mel - Orb,https://www.americanas.com.br/produto/113317047/cavalete-barra-roxo-mel-orb,https://images-americanas.b2w.io/produtos/01/00/item/113317/0/113317047SZ.jpg
113317063,113317071,529.99,Cavalete Barra Verde/Mel - Orb,https://www.americanas.com.br/produto/113317063/cavalete-barra-verde-mel-orb,https://images-americanas.b2w.io/produtos/01/00/item/113317/0/113317063SZ.jpg
125008840,125008858,89.99,Almofada Almofofa Pescoço Stamp Corujinhas - Uatt?,https://www.americanas.com.br/produto/125008840/almofada-almofofa-pescoco-stamp-corujinhas-uatt-,https://images-americanas.b2w.io/produtos/01/00/item/125008/8/125008840_1GG.jpg
342448,342449,629.99,Bateria Recarregável  B-5222 - Battery-Biz,https://www.americanas.com.br/produto/342448/bateria-recarregavel-b-5222-battery-biz,
124939394,124939407,44.99,Capa para iPad Coelho Pink - Uatt?,https://www.americanas.com.br/produto/124939394/capa-para-ipad-coelho-pink-uatt-,https://images-americanas.b2w.io/produtos/01/00/item/124939/3/124939394_1GG.jpg
124940213,124940221,39.99,Capa para iPad Fácil Passafio - Uatt?,https://www.americanas.com.br/produto/124940213/capa-para-ipad-facil-passafio-uatt-,https://images-americanas.b2w.io/produtos/01/00/item/124940/2/124940213_1GG.jpg
128554459,128554467,94.99,Mochila Batiki - Colorida,https://www.americanas.com.br/produto/128554459/mochila-batiki-colorida,https://images-americanas.b2w.io/produtos/01/00/item/128554/4/128554459_1GG.jpg
125008807,125008815,74.99,Almofada Almofofa Pescoço Animal Porco - Uatt?,https://www.americanas.com.br/produto/125008807/almofada-almofofa-pescoco-animal-porco-uatt-,https://images-americanas.b2w.io/produtos/01/00/item/125008/8/125008807_1GG.jpg
359081,108349036,129.99,Maleta 12.1&quot; - PUN-812BK - Preta - Sumdex,https://www.americanas.com.br/produto/359081/maleta-12.1-pun-812bk-preta-sumdex,
124939520,124939538,54.99,Capa para iPad Facil Chocolate - Uatt?,https://www.americanas.com.br/produto/124939520/capa-para-ipad-facil-chocolate-uatt-,https://images-americanas.b2w.io/produtos/01/00/item/124939/5/124939520_1GG.jpg
6879220,6879221,729.99,Porta Replicadora - Sony,https://www.americanas.com.br/produto/6879220/porta-replicadora-sony,https://images-americanas.b2w.io/produtos/01/00/item/6879/2/6879220gg.jpg
124939378,124939386,59.99,Capa para iPad Coelho Branco - Uatt?,https://www.americanas.com.br/produto/124939378/capa-para-ipad-coelho-branco-uatt-,https://images-americanas.b2w.io/produtos/01/00/item/124939/3/124939378_1GG.jpg
128481667,128481675,159.99,Mochila Unissex Block Azul/Vermelha - Uatt?,https://www.americanas.com.br/produto/128481667/mochila-unissex-block-azul-vermelha-uatt-,https://images-americanas.b2w.io/produtos/01/00/item/128481/6/128481667SZ.jpg
6879208,6879209,999.99,Sony Large Capacity Battery VGPBPL13  - Sony,https://www.americanas.com.br/produto/6879208/sony-large-capacity-battery-vgpbpl13-sony,https://images-americanas.b2w.io/produtos/01/00/item/6879/2/6879208gg.jpg
124940176,124940184,51.9,Capa para iPad Fácil - Diario Uatt?,https://www.americanas.com.br/produto/124940176/capa-para-ipad-facil-diario-uatt-,https://images-americanas.b2w.io/produtos/01/00/item/124940/1/124940176_1GG.jpg
6879210,6879211,839.99,Sony Standard Battery VGPBPS12 - Sony,https://www.americanas.com.br/produto/6879210/sony-standard-battery-vgpbps12-sony,https://images-americanas.b2w.io/produtos/01/00/item/6879/2/6879210gg.jpg
125008866,125008874,64.99,Almofada Almofofa Pescoço Stamp Love Punk - Uatt?,https://www.americanas.com.br/produto/125008866/almofada-almofofa-pescoco-stamp-love-punk-uatt-,https://images-americanas.b2w.io/produtos/01/00/item/125008/8/125008866SZ.jpg
124939546,124939554,15.89,Capa para iPad Fácil Love Punk - Uatt?,https://www.americanas.com.br/produto/124939546/capa-para-ipad-facil-love-punk-uatt-,https://images-americanas.b2w.io/produtos/01/00/item/124939/5/124939546_1GG.jpg
6879214,6879215,769.99,Bateria Standard Battery - Sony,https://www.americanas.com.br/produto/6879214/bateria-standard-battery-sony,https://images-americanas.b2w.io/produtos/01/00/item/6879/2/6879214gg.jpg
6879212,6879213,999.99,Sony Large Capacity Battery - VGP-BPL12 - Sony,https://www.americanas.com.br/produto/6879212/sony-large-capacity-battery-vgp-bpl12-sony,https://images-americanas.b2w.io/produtos/01/00/item/6879/2/6879212gg.jpg
6879216,6879217,999.99,Bateria Large Capacity Battery VGPBPL14 - Sony,https://www.americanas.com.br/produto/6879216/bateria-large-capacity-battery-vgpbpl14-sony,https://images-americanas.b2w.io/produtos/01/00/item/6879/2/6879216gg.jpg
124254141,124254150,24.9,Frasqueira de Bebê Balboa Looney Tunes PVC Verde,https://www.americanas.com.br/produto/124254141/frasqueira-de-bebe-balboa-looney-tunes-pvc-verde,https://images-americanas.b2w.io/produtos/01/00/item/124254/1/124254141SZ.jpg
6879206,6879207,769.99,Sony  Standard Battery - Sony,https://www.americanas.com.br/produto/6879206/sony-standard-battery-sony,https://images-americanas.b2w.io/produtos/01/00/item/6879/2/6879206gg.jpg
342454,342455,519.99,Bateria Recarregável CB-5707 - MG,https://www.americanas.com.br/produto/342454/bateria-recarregavel-cb-5707-mg,
